"ts","ts_end","ts_delta","srcip","srcport","dstip","conn_dir","bytes_vol","pkt_vol"
1475795102000,1475795162000,60000,854153670,21578,-1062729170,1,3573,22
1475795102000,1475795162000,60000,854153670,31949,-1062729170,1,3701,23
1475795102000,1475795162000,60000,854153670,50513,-1062729170,0,3087,17
1475795102000,1475795162000,60000,854153670,22997,-1062729170,0,3191,18
1475795102000,1475795162000,60000,854153670,15861,-1062729170,1,3637,22
1475795102000,1475795162000,60000,854153670,15767,-1062729170,0,3087,17
1475795102000,1475795162000,60000,854153670,42550,-1062729170,1,3637,22
1475795102000,1475795162000,60000,854153670,15861,-1062729170,0,3087,17
1475795102000,1475795162000,60000,854153670,50541,-1062729170,1,3701,23
1475795102000,1475795162000,60000,854153670,50513,-1062729170,1,3637,22
1475795102000,1475795162000,60000,854153670,27339,-1062729170,0,3191,18
1475795102000,1475795162000,60000,854153670,28904,-1062729170,0,3087,17
1475795102000,1475795162000,60000,854153670,27339,-1062729170,1,3701,23
1475795102000,1475795162000,60000,854153670,22997,-1062729170,1,3701,23
1475795102000,1475795162000,60000,854153670,15767,-1062729170,1,3637,22
1475795102000,1475795162000,60000,854153670,21578,-1062729170,0,3087,17
1475795102000,1475795162000,60000,854153670,37901,-1062729170,1,3701,23
1475795102000,1475795162000,60000,854153670,9934,-1062729170,1,3701,23
1475795102000,1475795162000,60000,854153670,42550,-1062729170,0,3087,17
1475795102000,1475795162000,60000,854153670,54625,-1062729170,1,3637,22
1475795102000,1475795162000,60000,854153670,31949,-1062729170,0,3191,18
1475795102000,1475795162000,60000,854153670,13525,-1062729170,1,3741,24
1475795102000,1475795162000,60000,854153670,37901,-1062729170,0,3191,18
1475795102000,1475795162000,60000,854153670,9934,-1062729170,0,3191,18
1475795102000,1475795162000,60000,854153670,28904,-1062729170,1,3689,23
1475795102000,1475795162000,60000,854153670,54625,-1062729170,0,3087,17
1475795102000,1475795162000,60000,854153670,31660,-1062729170,1,3701,23
1475795102000,1475795162000,60000,854153670,50541,-1062729170,0,3191,18
1475795102000,1475795162000,60000,854153670,1358,-1062729170,1,3637,22
1475795102000,1475795162000,60000,854153670,3218,-1062729170,1,3105,15
1475795102000,1475795162000,60000,854153670,31660,-1062729170,0,3191,18
1475795102000,1475795162000,60000,854153670,1358,-1062729170,0,3087,17
1475795102000,1475795162000,60000,854153670,3218,-1062729170,0,2671,12
1475795102000,1475795162000,60000,854153670,13525,-1062729170,0,3295,19
1475795111000,1475795587000,476000,1187318598,1665,-1407319846,1,35665,496
1475795111000,1475795167000,56000,854153670,12031,-1407319846,1,3549,18
1475795111000,1475795167000,56000,854153670,13477,-1407319846,1,3437,17
1475795111000,1475795167000,56000,854153670,23152,-1407319846,1,3549,18
1475795111000,1475795167000,56000,854153670,23152,-1407319846,0,3171,15
1475795111000,1475795167000,56000,854153670,12031,-1407319846,0,3171,15
1475795111000,1475795167000,56000,854153670,1614,-1407319846,0,3171,15
1475795111000,1475795167000,56000,854153670,11952,-1407319846,1,3549,18
1475795111000,1475795167000,56000,854153670,39202,-1407319846,1,3549,18
1475795111000,1475795167000,56000,854153670,13477,-1407319846,0,3119,14
1475795111000,1475795167000,56000,854153670,11952,-1407319846,0,3171,15
1475795111000,1475795167000,56000,854153670,1614,-1407319846,1,3549,18
1475795111000,1475795587000,476000,1187318598,1665,-1407319846,0,30151,259
1475795111000,1475795167000,56000,854153670,13927,-1407319846,1,3549,18
1475795111000,1475795167000,56000,854153670,39202,-1407319846,0,3171,15
1475795111000,1475795167000,56000,854153670,13927,-1407319846,0,3171,15
1475795158000,1475795216000,58000,854153670,2008,-1407319177,0,2811,14
1475795158000,1475795216000,58000,854153670,2008,-1407319177,1,2793,17
1475795158000,1475795216000,58000,854153670,2828,-1407319177,0,32263,86
1475795158000,1475795216000,58000,854153670,2828,-1407319177,1,10433,127
1475795162000,1475795222000,60000,854153670,48970,-1062729170,0,3191,18
1475795162000,1475795222000,60000,854153670,52513,-1062729170,0,3087,17
1475795162000,1475795222000,60000,854153670,32564,-1062729170,1,3637,22
1475795162000,1475795222000,60000,854153670,40477,-1062729170,0,3087,17
1475795162000,1475795222000,60000,854153670,24441,-1062729170,0,3191,18
1475795162000,1475795222000,60000,854153670,24441,-1062729170,1,3701,23
1475795162000,1475795222000,60000,854153670,64383,-1062729170,1,3984,27
1475795162000,1475795222000,60000,854153670,32564,-1062729170,0,3087,17
1475795162000,1475795222000,60000,854153670,4260,-1062729170,0,3191,18
1475795162000,1475795222000,60000,854153670,58553,-1062729170,0,3087,17
1475795162000,1475795222000,60000,854153670,25310,-1062729170,0,3087,17
1475795162000,1475795222000,60000,854153670,4958,-1062729170,1,3701,23
1475795162000,1475795222000,60000,854153670,22039,-1062729170,0,3087,17
1475795162000,1475795222000,60000,854153670,36606,-1062729170,0,3087,17
1475795162000,1475795222000,60000,854153670,50842,-1062729170,1,3637,22
1475795162000,1475795222000,60000,854153670,22359,-1062729170,0,3087,17
1475795162000,1475795222000,60000,854153670,3218,-1062729170,1,596,8
1475795162000,1475795222000,60000,854153670,3218,-1062729170,0,520,6
1475795162000,1475795222000,60000,854153670,22039,-1062729170,1,3637,22
1475795162000,1475795222000,60000,854153670,15608,-1062729170,0,3087,17
1475795162000,1475795222000,60000,854153670,4958,-1062729170,0,3191,18
1475795162000,1475795222000,60000,854153670,5056,-1062729170,0,3087,17
1475795162000,1475795282000,120000,854153670,44310,-1062729170,1,3613,22
1475795162000,1475795222000,60000,854153670,50842,-1062729170,0,3087,17
1475795162000,1475795222000,60000,854153670,52513,-1062729170,1,3637,22
1475795162000,1475795222000,60000,854153670,58553,-1062729170,1,3637,22
1475795162000,1475795222000,60000,854153670,36606,-1062729170,1,3637,22
1475795162000,1475795222000,60000,854153670,48970,-1062729170,1,3637,23
1475795162000,1475795222000,60000,854153670,25310,-1062729170,1,3573,22
1475795162000,1475795222000,60000,854153670,43767,-1062729170,1,3701,23
1475795162000,1475795222000,60000,854153670,4260,-1062729170,1,3701,23
1475795162000,1475795282000,120000,854153670,44310,-1062729170,0,3139,18
1475795162000,1475795222000,60000,854153670,15608,-1062729170,1,3637,22
1475795162000,1475795222000,60000,854153670,43767,-1062729170,0,3191,18
1475795162000,1475795222000,60000,854153670,5056,-1062729170,1,3637,22
1475795162000,1475795222000,60000,854153670,40477,-1062729170,1,3637,22
1475795162000,1475795222000,60000,854153670,22359,-1062729170,1,3637,22
1475795162000,1475795222000,60000,854153670,64383,-1062729170,0,5033,25
1475795218000,1475795276000,58000,873027881,55752,-1407319177,0,3823,21
1475795218000,1475795276000,58000,873027881,55750,-1407319177,1,5239,31
1475795218000,1475795276000,58000,873027881,55754,-1407319177,1,4703,21
1475795218000,1475795276000,58000,873027881,55754,-1407319177,0,3771,20
1475795218000,1475795276000,58000,873027881,55752,-1407319177,1,4755,22
1475795218000,1475795276000,58000,873027881,55756,-1407319177,1,5863,23
1475795218000,1475795456000,238000,854153670,2828,-1407319177,1,5860,97
1475795218000,1475795276000,58000,873027881,55756,-1407319177,0,3855,21
1475795218000,1475795456000,238000,854153670,2828,-1407319177,0,20472,78
1475795218000,1475795276000,58000,873027881,55750,-1407319177,0,5303,32
1475795223000,1475795282000,59000,854153670,18489,-1062729170,0,3087,17
1475795223000,1475795282000,59000,854153670,5224,-1062729170,1,3701,23
1475795223000,1475795282000,59000,854153670,27253,-1062729170,1,3753,24
1475795223000,1475795282000,59000,854153670,7457,-1062729170,1,3637,22
1475795223000,1475795282000,59000,854153670,54917,-1062729170,1,3693,23
1475795223000,1475795282000,59000,854153670,11722,-1062729170,1,3637,22
1475795223000,1475795282000,59000,854153670,7457,-1062729170,0,3087,17
1475795223000,1475795282000,59000,854153670,55764,-1062729170,1,3637,22
1475795223000,1475795282000,59000,854153670,38667,-1062729170,1,3637,22
1475795223000,1475795282000,59000,854153670,49155,-1062729170,0,3087,17
1475795223000,1475795282000,59000,854153670,62801,-1062729170,1,3637,22
1475795223000,1475795282000,59000,854153670,47641,-1062729170,1,3701,23
1475795223000,1475795342000,119000,854153670,60505,-1062729170,1,3637,22
1475795223000,1475795282000,59000,854153670,62801,-1062729170,0,3087,17
1475795223000,1475795282000,59000,854153670,59178,-1062729170,0,3087,17
1475795223000,1475795282000,59000,854153670,47641,-1062729170,0,3191,18
1475795223000,1475795282000,59000,854153670,10309,-1062729170,0,3191,18
1475795223000,1475795282000,59000,854153670,18489,-1062729170,1,3573,22
1475795223000,1475795282000,59000,854153670,55764,-1062729170,0,3087,17
1475795223000,1475795282000,59000,854153670,53283,-1062729170,1,3701,23
1475795223000,1475795282000,59000,854153670,13059,-1062729170,0,3087,17
1475795223000,1475795282000,59000,854153670,3294,-1062729170,0,3087,17
1475795223000,1475795282000,59000,854153670,11722,-1062729170,0,3087,17
1475795223000,1475795282000,59000,854153670,49155,-1062729170,1,3637,22
1475795223000,1475795282000,59000,854153670,3294,-1062729170,1,3637,22
1475795223000,1475795282000,59000,854153670,39120,-1062729170,1,3701,23
1475795223000,1475795282000,59000,854153670,38667,-1062729170,0,3087,17
1475795223000,1475795282000,59000,854153670,58325,-1062729170,0,3087,17
1475795223000,1475795282000,59000,854153670,27253,-1062729170,0,3191,18
1475795223000,1475795342000,119000,854153670,60505,-1062729170,0,3087,17
1475795223000,1475795282000,59000,854153670,5224,-1062729170,0,3191,18
1475795223000,1475795282000,59000,854153670,54917,-1062729170,0,3151,18
1475795223000,1475795282000,59000,854153670,53283,-1062729170,0,3191,18
1475795223000,1475795282000,59000,854153670,59178,-1062729170,1,3637,22
1475795223000,1475795282000,59000,854153670,10309,-1062729170,1,3701,23
1475795223000,1475795282000,59000,854153670,13059,-1062729170,1,3637,22
1475795223000,1475795282000,59000,854153670,58325,-1062729170,1,3637,22
1475795223000,1475795282000,59000,854153670,39120,-1062729170,0,3191,18
1475795255000,1475795303000,48000,1607859387,60011,168428808,1,1671,13
1475795255000,1475795303000,48000,1607859387,60011,168428808,0,3143,11
1475795283000,1475795342000,59000,854153670,30990,-1062729170,0,3087,17
1475795283000,1475795342000,59000,854153670,64412,-1062729170,0,3087,17
1475795283000,1475795342000,59000,854153670,1500,-1062729170,0,3191,18
1475795283000,1475795342000,59000,854153670,7774,-1062729170,0,3087,17
1475795283000,1475795342000,59000,854153670,48429,-1062729170,1,3637,22
1475795283000,1475795402000,119000,854153670,39475,-1062729170,1,3573,22
1475795283000,1475795342000,59000,854153670,19472,-1062729170,1,3637,22
1475795283000,1475795342000,59000,854153670,25960,-1062729170,0,3191,18
1475795283000,1475795342000,59000,854153670,22336,-1062729170,1,3637,22
1475795283000,1475795342000,59000,854153670,17849,-1062729170,1,3637,22
1475795283000,1475795342000,59000,854153670,15474,-1062729170,1,3637,22
1475795283000,1475795342000,59000,854153670,34456,-1062729170,1,3637,22
1475795283000,1475795342000,59000,854153670,25960,-1062729170,1,3701,23
1475795283000,1475795342000,59000,854153670,6871,-1062729170,0,3087,17
1475795283000,1475795342000,59000,854153670,1500,-1062729170,1,3701,23
1475795283000,1475795342000,59000,854153670,6871,-1062729170,1,3637,22
1475795283000,1475795342000,59000,854153670,22336,-1062729170,0,3087,17
1475795283000,1475795342000,59000,854153670,40924,-1062729170,0,3087,17
1475795283000,1475795342000,59000,854153670,10132,-1062729170,0,3087,17
1475795283000,1475795342000,59000,854153670,63414,-1062729170,0,3087,17
1475795283000,1475795342000,59000,854153670,16716,-1062729170,1,3637,22
1475795283000,1475795342000,59000,854153670,40924,-1062729170,1,3637,22
1475795283000,1475795342000,59000,854153670,17849,-1062729170,0,3087,17
1475795283000,1475795342000,59000,854153670,64412,-1062729170,1,3637,22
1475795283000,1475795342000,59000,854153670,30990,-1062729170,1,3637,22
1475795283000,1475795342000,59000,854153670,21707,-1062729170,1,3637,23
1475795283000,1475795342000,59000,854153670,9459,-1062729170,1,3637,22
1475795283000,1475795342000,59000,854153670,16716,-1062729170,0,3087,17
1475795283000,1475795402000,119000,854153670,39475,-1062729170,0,3087,17
1475795283000,1475795342000,59000,854153670,7774,-1062729170,1,3573,22
1475795283000,1475795342000,59000,854153670,15696,-1062729170,1,3637,22
1475795283000,1475795342000,59000,854153670,15474,-1062729170,0,3087,17
1475795283000,1475795342000,59000,854153670,63414,-1062729170,1,3637,22
1475795283000,1475795342000,59000,854153670,19472,-1062729170,0,3087,17
1475795283000,1475795342000,59000,854153670,9459,-1062729170,0,3087,17
1475795283000,1475795342000,59000,854153670,21707,-1062729170,0,3191,18
1475795283000,1475795342000,59000,854153670,10132,-1062729170,1,3637,22
1475795283000,1475795342000,59000,854153670,15696,-1062729170,0,3087,17
1475795283000,1475795342000,59000,854153670,48429,-1062729170,0,3087,17
1475795283000,1475795342000,59000,854153670,34456,-1062729170,0,3087,17
1475795343000,1475795402000,59000,854153670,64002,-1062729170,1,3637,22
1475795343000,1475795402000,59000,854153670,5729,-1062729170,0,3087,17
1475795343000,1475795402000,59000,854153670,19513,-1062729170,0,3191,18
1475795343000,1475795402000,59000,854153670,30278,-1062729170,0,3087,17
1475795343000,1475795402000,59000,854153670,33669,-1062729170,1,3637,22
1475795343000,1475795402000,59000,854153670,59324,-1062729170,1,3689,23
1475795343000,1475795402000,59000,854153670,43328,-1062729170,1,3637,22
1475795343000,1475795402000,59000,854153670,38463,-1062729170,1,3701,23
1475795343000,1475795402000,59000,854153670,59324,-1062729170,0,3087,17
1475795343000,1475795402000,59000,854153670,65211,-1062729170,0,3087,17
1475795343000,1475795402000,59000,854153670,41121,-1062729170,0,3087,17
1475795343000,1475795402000,59000,854153670,65211,-1062729170,1,3573,22
1475795343000,1475795402000,59000,854153670,33669,-1062729170,0,3087,17
1475795343000,1475795402000,59000,854153670,62210,-1062729170,0,3087,17
1475795343000,1475795402000,59000,854153670,24389,-1062729170,0,2671,12
1475795343000,1475795402000,59000,854153670,5729,-1062729170,1,3637,22
1475795343000,1475795402000,59000,854153670,30278,-1062729170,1,3637,22
1475795343000,1475795402000,59000,854153670,56430,-1062729170,0,3087,17
1475795343000,1475795402000,59000,854153670,47276,-1062729170,1,3637,22
1475795343000,1475795402000,59000,854153670,27172,-1062729170,1,3637,22
1475795343000,1475795402000,59000,854153670,64002,-1062729170,0,3087,17
1475795343000,1475795402000,59000,854153670,38500,-1062729170,1,3701,23
1475795343000,1475795402000,59000,854153670,43328,-1062729170,0,3087,17
1475795343000,1475795402000,59000,854153670,38500,-1062729170,0,3191,18
1475795343000,1475795402000,59000,854153670,41121,-1062729170,1,3573,22
1475795343000,1475795402000,59000,854153670,47276,-1062729170,0,3087,17
1475795343000,1475795402000,59000,854153670,37040,-1062729170,0,3603,21
1475795343000,1475795402000,59000,854153670,37040,-1062729170,1,4045,28
1475795343000,1475795402000,59000,854153670,38463,-1062729170,0,3191,18
1475795343000,1475795402000,59000,854153670,42012,-1062729170,0,3087,17
1475795343000,1475795402000,59000,854153670,19513,-1062729170,1,3701,23
1475795343000,1475795402000,59000,854153670,42012,-1062729170,1,3613,22
1475795343000,1475795402000,59000,854153670,27172,-1062729170,0,3087,17
1475795343000,1475795402000,59000,854153670,56430,-1062729170,1,3637,22
1475795343000,1475795402000,59000,854153670,62210,-1062729170,1,3613,22
1475795343000,1475795402000,59000,854153670,24389,-1062729170,1,3105,15
1475795403000,1475795462000,59000,854153670,16496,-1062729170,0,3191,19
1475795403000,1475795462000,59000,854153670,23414,-1062729170,1,3637,23
1475795403000,1475795462000,59000,854153670,32878,-1062729170,1,3637,22
1475795403000,1475795462000,59000,854153670,32160,-1062729170,1,3637,22
1475795403000,1475795462000,59000,854153670,35123,-1062729170,0,3191,18
1475795403000,1475795462000,59000,854153670,47910,-1062729170,0,3191,18
1475795403000,1475795462000,59000,854153670,24389,-1062729170,1,596,8
1475795403000,1475795462000,59000,854153670,24403,-1062729170,1,3637,22
1475795403000,1475795462000,59000,854153670,34704,-1062729170,0,3087,17
1475795403000,1475795462000,59000,854153670,24389,-1062729170,0,520,6
1475795403000,1475795462000,59000,854153670,62903,-1062729170,0,3087,17
1475795403000,1475795462000,59000,854153670,45350,-1062729170,1,3637,22
1475795403000,1475795462000,59000,854153670,32160,-1062729170,0,3087,17
1475795403000,1475795462000,59000,854153670,59422,-1062729170,0,3087,17
1475795403000,1475795462000,59000,854153670,16496,-1062729170,1,3637,22
1475795403000,1475795462000,59000,854153670,21921,-1062729170,1,3637,22
1475795403000,1475795462000,59000,854153670,47013,-1062729170,0,3087,17
1475795403000,1475795462000,59000,854153670,59042,-1062729170,0,3191,18
1475795403000,1475795462000,59000,854153670,3736,-1062729170,0,3191,18
1475795403000,1475795462000,59000,854153670,23414,-1062729170,0,3191,18
1475795403000,1475795462000,59000,854153670,47013,-1062729170,1,3637,22
1475795403000,1475795462000,59000,854153670,32878,-1062729170,0,3087,17
1475795403000,1475795462000,59000,854153670,47910,-1062729170,1,3701,23
1475795403000,1475795462000,59000,854153670,24403,-1062729170,0,3087,17
1475795403000,1475795462000,59000,854153670,59042,-1062729170,1,3701,23
1475795403000,1475795462000,59000,854153670,35123,-1062729170,1,3701,23
1475795403000,1475795462000,59000,854153670,61204,-1062729170,0,2671,12
1475795403000,1475795462000,59000,854153670,26639,-1062729170,1,3637,22
1475795403000,1475795462000,59000,854153670,1430,-1062729170,1,3637,22
1475795403000,1475795462000,59000,854153670,61204,-1062729170,1,3105,15
1475795403000,1475795462000,59000,854153670,59422,-1062729170,1,3637,22
1475795403000,1475795462000,59000,854153670,3736,-1062729170,1,3701,23
1475795403000,1475795462000,59000,854153670,62903,-1062729170,1,3637,22
1475795403000,1475795462000,59000,-1185039889,34917,-1062729170,1,1397,13
1475795403000,1475795462000,59000,854153670,34704,-1062729170,1,3637,22
1475795403000,1475795462000,59000,-1185039889,34917,-1062729170,0,2851,15
1475795403000,1475795462000,59000,854153670,1430,-1062729170,0,3087,17
1475795403000,1475795462000,59000,854153670,9156,-1062729170,1,3637,22
1475795403000,1475795462000,59000,854153670,21921,-1062729170,0,3139,18
1475795403000,1475795462000,59000,854153670,9156,-1062729170,0,3087,17
1475795403000,1475795462000,59000,854153670,26639,-1062729170,0,3087,17
1475795403000,1475795462000,59000,854153670,45350,-1062729170,0,3087,17
1475795463000,1475795522000,59000,854153670,24498,-1062729170,1,3637,22
1475795463000,1475795522000,59000,854153670,34554,-1062729170,0,3087,17
1475795463000,1475795522000,59000,854153670,24498,-1062729170,0,3087,17
1475795463000,1475795522000,59000,854153670,16164,-1062729170,1,3637,22
1475795463000,1475795522000,59000,854153670,27248,-1062729170,0,3087,17
1475795463000,1475795522000,59000,854153670,50243,-1062729170,1,3637,22
1475795463000,1475795583000,120000,854153670,41143,-1062729170,0,3191,18
1475795463000,1475795522000,59000,854153670,62016,-1062729170,0,3087,17
1475795463000,1475795522000,59000,854153670,34717,-1062729170,1,3701,23
1475795463000,1475795522000,59000,854153670,19914,-1062729170,1,3637,22
1475795463000,1475795522000,59000,854153670,31047,-1062729170,1,3637,22
1475795463000,1475795522000,59000,854153670,7895,-1062729170,0,3191,18
1475795463000,1475795522000,59000,854153670,60007,-1062729170,0,3191,18
1475795463000,1475795522000,59000,854153670,5085,-1062729170,1,3637,22
1475795463000,1475795522000,59000,854153670,16164,-1062729170,0,3087,17
1475795463000,1475795522000,59000,854153670,62016,-1062729170,1,3637,22
1475795463000,1475795522000,59000,854153670,60723,-1062729170,0,3087,17
1475795463000,1475795522000,59000,854153670,16165,-1062729170,0,3087,17
1475795463000,1475795522000,59000,854153670,36553,-1062729170,1,3701,23
1475795463000,1475795522000,59000,854153670,31047,-1062729170,0,3087,17
1475795463000,1475795522000,59000,854153670,50243,-1062729170,0,3087,17
1475795463000,1475795522000,59000,854153670,64660,-1062729170,1,3637,22
1475795463000,1475795522000,59000,854153670,37574,-1062729170,0,3087,17
1475795463000,1475795522000,59000,854153670,37574,-1062729170,1,3637,22
1475795463000,1475795522000,59000,854153670,41649,-1062729170,0,3087,17
1475795463000,1475795522000,59000,854153670,19914,-1062729170,0,3087,17
1475795463000,1475795522000,59000,854153670,34717,-1062729170,0,3191,18
1475795463000,1475795522000,59000,854153670,64660,-1062729170,0,3087,17
1475795463000,1475795583000,120000,854153670,41143,-1062729170,1,3701,23
1475795463000,1475795522000,59000,854153670,5085,-1062729170,0,3087,17
1475795463000,1475795522000,59000,854153670,60723,-1062729170,1,3637,22
1475795463000,1475795522000,59000,854153670,36553,-1062729170,0,3191,18
1475795463000,1475795522000,59000,854153670,16165,-1062729170,1,3637,22
1475795463000,1475795522000,59000,854153670,60007,-1062729170,1,3701,23
1475795463000,1475795522000,59000,854153670,27248,-1062729170,1,3637,22
1475795463000,1475795522000,59000,854153670,7895,-1062729170,1,3701,23
1475795463000,1475795522000,59000,854153670,61204,-1062729170,1,596,8
1475795463000,1475795522000,59000,854153670,41649,-1062729170,1,3637,22
1475795463000,1475795522000,59000,854153670,34554,-1062729170,1,3637,22
1475795463000,1475795522000,59000,854153670,61204,-1062729170,0,520,6
1475795523000,1475795583000,60000,854153670,11417,-1062729170,1,3637,22
1475795523000,1475795583000,60000,854153670,52380,-1062729170,1,3637,22
1475795523000,1475795583000,60000,854153670,2314,-1062729170,1,3637,22
1475795523000,1475795583000,60000,854153670,52296,-1062729170,1,3637,22
1475795523000,1475795583000,60000,854153670,30021,-1062729170,0,3087,17
1475795523000,1475795583000,60000,854153670,22289,-1062729170,1,3637,22
1475795523000,1475795583000,60000,854153670,52296,-1062729170,0,3087,17
1475795523000,1475795643000,120000,854153670,25219,-1062729170,0,3087,17
1475795523000,1475795583000,60000,854153670,43778,-1062729170,0,3087,17
1475795523000,1475795583000,60000,854153670,38840,-1062729170,0,3099,17
1475795523000,1475795583000,60000,854153670,45768,-1062729170,1,3637,22
1475795523000,1475795583000,60000,854153670,11417,-1062729170,0,3087,17
1475795523000,1475795583000,60000,854153670,35147,-1062729170,0,3087,17
1475795523000,1475795583000,60000,854153670,43778,-1062729170,1,3637,22
1475795523000,1475795583000,60000,854153670,51570,-1062729170,1,3637,22
1475795523000,1475795583000,60000,854153670,32793,-1062729170,1,3637,22
1475795523000,1475795583000,60000,854153670,22289,-1062729170,0,3087,17
1475795523000,1475795583000,60000,854153670,2164,-1062729170,0,3087,17
1475795523000,1475795583000,60000,854153670,2314,-1062729170,0,3087,17
1475795523000,1475795583000,60000,854153670,38039,-1062729170,1,3637,22
1475795523000,1475795583000,60000,854153670,35147,-1062729170,1,3637,22
1475795523000,1475795583000,60000,854153670,32793,-1062729170,0,3087,17
1475795523000,1475795583000,60000,854153670,38840,-1062729170,1,3653,22
1475795523000,1475795583000,60000,854153670,51932,-1062729170,1,3637,22
1475795523000,1475795583000,60000,854153670,2164,-1062729170,1,3637,22
1475795523000,1475795583000,60000,854153670,38039,-1062729170,0,3087,17
1475795523000,1475795583000,60000,854153670,43618,-1062729170,0,3191,18
1475795523000,1475795583000,60000,854153670,60308,-1062729170,1,3637,22
1475795523000,1475795583000,60000,854153670,60308,-1062729170,0,3087,17
1475795523000,1475795643000,120000,854153670,25219,-1062729170,1,3573,22
1475795523000,1475795583000,60000,854153670,51570,-1062729170,0,3087,17
1475795523000,1475795583000,60000,854153670,45768,-1062729170,0,3087,17
1475795523000,1475795583000,60000,854153670,51932,-1062729170,0,3087,17
1475795523000,1475795583000,60000,854153670,43618,-1062729170,1,3701,23
1475795523000,1475795583000,60000,854153670,52380,-1062729170,0,3087,17
1475795523000,1475795583000,60000,854153670,30021,-1062729170,1,3637,22
1475795545000,1475795663000,118000,1607859387,35808,168428808,0,3507,15
1475795545000,1475795663000,118000,1607859387,35808,168428808,1,2259,19
1475795583000,1475795643000,60000,854153670,34816,-1062729170,0,3087,17
1475795583000,1475795643000,60000,854153670,21258,-1062729170,1,3573,22
1475795583000,1475795643000,60000,854153670,39795,-1062729170,0,3087,17
1475795583000,1475795643000,60000,854153670,11724,-1062729170,0,3087,17
1475795583000,1475795643000,60000,854153670,46141,-1062729170,1,3701,23
1475795583000,1475795643000,60000,854153670,40703,-1062729170,0,3087,17
1475795583000,1475795643000,60000,854153670,34816,-1062729170,1,3637,22
1475795583000,1475795643000,60000,854153670,3856,-1062729170,0,3191,18
1475795583000,1475795643000,60000,854153670,3856,-1062729170,1,3701,23
1475795583000,1475795643000,60000,854153670,20593,-1062729170,0,3087,17
1475795583000,1475795643000,60000,854153670,17091,-1062729170,0,3087,17
1475795583000,1475795643000,60000,854153670,11724,-1062729170,1,3637,22
1475795583000,1475795643000,60000,854153670,5392,-1062729170,0,3087,17
1475795583000,1475795643000,60000,854153670,39795,-1062729170,1,3637,22
1475795583000,1475795643000,60000,854153670,62676,-1062729170,1,3701,23
1475795583000,1475795643000,60000,854153670,62676,-1062729170,0,3191,18
1475795583000,1475795643000,60000,854153670,24763,-1062729170,0,3087,17
1475795583000,1475795643000,60000,854153670,21258,-1062729170,0,3087,17
1475795583000,1475795643000,60000,854153670,20593,-1062729170,1,3637,22
1475795583000,1475795643000,60000,854153670,38442,-1062729170,1,3637,22
1475795583000,1475795643000,60000,854153670,40703,-1062729170,1,3637,22
1475795583000,1475795643000,60000,854153670,59148,-1062729170,0,3191,18
1475795583000,1475795643000,60000,854153670,17091,-1062729170,1,3637,22
1475795583000,1475795643000,60000,854153670,25435,-1062729170,1,3573,22
1475795583000,1475795643000,60000,854153670,34625,-1062729170,0,3191,18
1475795583000,1475795643000,60000,854153670,21897,-1062729170,0,3191,18
1475795583000,1475795643000,60000,854153670,38504,-1062729170,0,3087,17
1475795583000,1475795703000,120000,854153670,14459,-1062729170,0,3087,17
1475795583000,1475795643000,60000,854153670,4110,-1062729170,1,3573,22
1475795583000,1475795643000,60000,854153670,34625,-1062729170,1,3701,23
1475795583000,1475795703000,120000,854153670,14459,-1062729170,1,3637,22
1475795583000,1475795643000,60000,854153670,46141,-1062729170,0,3191,18
1475795583000,1475795643000,60000,854153670,4110,-1062729170,0,3087,17
1475795583000,1475795643000,60000,854153670,5392,-1062729170,1,3637,22
1475795583000,1475795643000,60000,854153670,21897,-1062729170,1,3637,23
1475795583000,1475795643000,60000,854153670,25435,-1062729170,0,3087,17
1475795583000,1475795643000,60000,854153670,38442,-1062729170,0,3087,17
1475795583000,1475795643000,60000,854153670,59148,-1062729170,1,3701,23
1475795583000,1475795643000,60000,854153670,24763,-1062729170,1,3637,22
1475795583000,1475795643000,60000,854153670,38504,-1062729170,1,3637,22
1475795643000,1475795703000,60000,854153670,10116,-1062729170,0,3087,17
1475795643000,1475795703000,60000,854153670,10140,-1062729170,0,3087,17
1475795643000,1475795703000,60000,854153670,12673,-1062729170,1,3701,23
1475795643000,1475795703000,60000,854153670,3066,-1062729170,0,3191,18
1475795643000,1475795703000,60000,854153670,10140,-1062729170,1,3637,22
1475795643000,1475795703000,60000,854153670,21117,-1062729170,1,3637,22
1475795643000,1475795703000,60000,854153670,46298,-1062729170,0,3087,17
1475795643000,1475795703000,60000,854153670,46298,-1062729170,1,3637,22
1475795643000,1475795703000,60000,854153670,14165,-1062729170,1,3637,22
1475795643000,1475795703000,60000,854153670,17271,-1062729170,1,3701,23
1475795643000,1475795703000,60000,854153670,39500,-1062729170,0,3087,17
1475795643000,1475795763000,120000,854153670,53354,-1062729170,1,3637,22
1475795643000,1475795703000,60000,854153670,4231,-1062729170,0,3087,17
1475795643000,1475795703000,60000,854153670,4231,-1062729170,1,3637,22
1475795643000,1475795703000,60000,854153670,64605,-1062729170,1,3701,23
1475795643000,1475795703000,60000,854153670,21117,-1062729170,0,3087,17
1475795643000,1475795763000,120000,854153670,53354,-1062729170,0,3087,17
1475795643000,1475795703000,60000,854153670,10116,-1062729170,1,3637,22
1475795643000,1475795703000,60000,854153670,35668,-1062729170,0,3191,18
1475795643000,1475795703000,60000,854153670,16523,-1062729170,0,3191,18
1475795643000,1475795703000,60000,854153670,48516,-1062729170,1,5064,22
1475795643000,1475795703000,60000,854153670,48516,-1062729170,0,3175,18
1475795643000,1475795703000,60000,854153670,11305,-1062729170,0,3087,17
1475795643000,1475795703000,60000,854153670,14165,-1062729170,0,3087,17
1475795643000,1475795703000,60000,854153670,12673,-1062729170,0,3191,18
1475795643000,1475795703000,60000,854153670,16523,-1062729170,1,3701,23
1475795643000,1475795703000,60000,854153670,23539,-1062729170,0,3087,17
1475795643000,1475795703000,60000,854153670,3066,-1062729170,1,3701,23
1475795643000,1475795703000,60000,854153670,23539,-1062729170,1,3637,22
1475795643000,1475795703000,60000,854153670,6497,-1062729170,0,3087,17
1475795643000,1475795703000,60000,854153670,22215,-1062729170,0,3087,17
1475795643000,1475795703000,60000,854153670,6497,-1062729170,1,3637,22
1475795643000,1475795703000,60000,854153670,22215,-1062729170,1,3573,22
1475795643000,1475795703000,60000,854153670,35668,-1062729170,1,3701,23
1475795643000,1475795703000,60000,854153670,64605,-1062729170,0,3191,18
1475795643000,1475795703000,60000,854153670,39500,-1062729170,1,3573,22
1475795643000,1475795703000,60000,854153670,17271,-1062729170,0,3191,18
1475795643000,1475795703000,60000,854153670,11305,-1062729170,1,3637,22
1475795649000,1475795767000,118000,854153670,7582,-1407319846,1,3356,15
1475795649000,1475795767000,118000,854153670,7582,-1407319846,0,19332,19
1475795703000,1475795763000,60000,854153670,14276,-1062729170,0,3087,17
1475795703000,1475795763000,60000,854153670,64190,-1062729170,1,3637,22
1475795703000,1475795763000,60000,854153670,64190,-1062729170,0,3087,17
1475795703000,1475795763000,60000,854153670,35305,-1062729170,1,3637,22
1475795703000,1475795763000,60000,854153670,41587,-1062729170,1,3105,15
1475795703000,1475795763000,60000,854153670,53801,-1062729170,1,3701,23
1475795703000,1475795763000,60000,854153670,22348,-1062729170,0,3087,17
1475795703000,1475795763000,60000,854153670,37429,-1062729170,0,3191,18
1475795703000,1475795763000,60000,854153670,42710,-1062729170,1,3637,22
1475795703000,1475795763000,60000,854153670,3002,-1062729170,0,3087,17
1475795703000,1475795763000,60000,854153670,3002,-1062729170,1,3637,22
1475795703000,1475795763000,60000,854153670,33856,-1062729170,0,3087,17
1475795703000,1475795763000,60000,854153670,59021,-1062729170,1,3701,23
1475795703000,1475795763000,60000,854153670,52099,-1062729170,1,3637,22
1475795703000,1475795763000,60000,854153670,37429,-1062729170,1,3637,23
1475795703000,1475795763000,60000,854153670,59021,-1062729170,0,3191,18
1475795703000,1475795763000,60000,854153670,11992,-1062729170,0,3087,17
1475795703000,1475795763000,60000,854153670,12350,-1062729170,0,3191,18
1475795703000,1475795763000,60000,854153670,22348,-1062729170,1,3637,22
1475795703000,1475795763000,60000,854153670,14783,-1062729170,0,3191,18
1475795703000,1475795763000,60000,854153670,41587,-1062729170,0,2775,13
1475795703000,1475795763000,60000,854153670,42710,-1062729170,0,3087,17
1475795703000,1475795763000,60000,854153670,12350,-1062729170,1,3701,23
1475795703000,1475795763000,60000,854153670,11992,-1062729170,1,3637,22
1475795703000,1475795763000,60000,854153670,35305,-1062729170,0,3087,17
1475795703000,1475795763000,60000,854153670,2428,-1062729170,0,3087,17
1475795703000,1475795763000,60000,854153670,52099,-1062729170,0,3087,17
1475795703000,1475795763000,60000,854153670,1721,-1062729170,1,3701,23
1475795703000,1475795763000,60000,854153670,15800,-1062729170,0,3087,17
1475795703000,1475795763000,60000,854153670,53801,-1062729170,0,3191,18
1475795703000,1475795763000,60000,854153670,31922,-1062729170,0,3087,17
1475795703000,1475795763000,60000,854153670,31922,-1062729170,1,3637,22
1475795703000,1475795763000,60000,854153670,2428,-1062729170,1,3573,22
1475795703000,1475795763000,60000,854153670,15800,-1062729170,1,3637,22
1475795703000,1475795763000,60000,854153670,1721,-1062729170,0,3191,18
1475795703000,1475795763000,60000,854153670,14276,-1062729170,1,3637,22
1475795703000,1475795763000,60000,854153670,14783,-1062729170,1,3701,23
1475795703000,1475795763000,60000,854153670,33856,-1062729170,1,3637,22
1475795752000,1475795801000,49000,-1268656219,4687,167772167,0,3283,12
1475795752000,1475795801000,49000,-1268656219,4687,167772167,1,2207,11
1475795763000,1475795883000,120000,854153670,64408,-1062729170,0,3191,18
1475795763000,1475795823000,60000,854153670,63902,-1062729170,0,3087,17
1475795763000,1475795823000,60000,854153670,43213,-1062729170,1,3573,22
1475795763000,1475795823000,60000,854153670,41587,-1062729170,0,312,4
1475795763000,1475795883000,120000,854153670,64408,-1062729170,1,3701,23
1475795763000,1475795823000,60000,854153670,3202,-1062729170,0,3087,17
1475795763000,1475795823000,60000,854153670,61161,-1062729170,1,3637,22
1475795763000,1475795823000,60000,854153670,3202,-1062729170,1,3637,22
1475795763000,1475795823000,60000,854153670,30634,-1062729170,1,3637,22
1475795763000,1475795823000,60000,854153670,61305,-1062729170,0,3087,17
1475795763000,1475795823000,60000,854153670,61305,-1062729170,1,3637,22
1475795763000,1475795823000,60000,854153670,3826,-1062729170,0,3191,18
1475795763000,1475795823000,60000,854153670,58457,-1062729170,1,3637,22
1475795763000,1475795823000,60000,854153670,64899,-1062729170,1,3637,22
1475795763000,1475795823000,60000,854153670,1543,-1062729170,1,3637,22
1475795763000,1475795823000,60000,854153670,1543,-1062729170,0,3087,17
1475795763000,1475795823000,60000,854153670,46830,-1062729170,1,3637,22
1475795763000,1475795823000,60000,854153670,60094,-1062729170,0,3191,18
1475795763000,1475795823000,60000,854153670,12841,-1062729170,1,3637,22
1475795763000,1475795823000,60000,854153670,60018,-1062729170,1,3701,23
1475795763000,1475795823000,60000,854153670,46711,-1062729170,1,3637,22
1475795763000,1475795823000,60000,854153670,62572,-1062729170,0,3087,17
1475795763000,1475795823000,60000,854153670,41587,-1062729170,1,532,7
1475795763000,1475795823000,60000,854153670,63902,-1062729170,1,3637,22
1475795763000,1475795823000,60000,854153670,58457,-1062729170,0,3087,17
1475795763000,1475795823000,60000,854153670,8825,-1062729170,0,3087,17
1475795763000,1475795823000,60000,854153670,62572,-1062729170,1,3637,22
1475795763000,1475795823000,60000,854153670,64899,-1062729170,0,3087,17
1475795763000,1475795823000,60000,854153670,61161,-1062729170,0,3087,17
1475795763000,1475795823000,60000,854153670,12841,-1062729170,0,3087,17
1475795763000,1475795823000,60000,854153670,43213,-1062729170,0,3087,17
1475795763000,1475795823000,60000,854153670,8825,-1062729170,1,3637,22
1475795763000,1475795823000,60000,854153670,48062,-1062729170,0,3191,18
1475795763000,1475795823000,60000,854153670,30634,-1062729170,0,3087,17
1475795763000,1475795823000,60000,854153670,60094,-1062729170,1,3701,23
1475795763000,1475795823000,60000,854153670,3826,-1062729170,1,3701,23
1475795763000,1475795823000,60000,854153670,46830,-1062729170,0,3087,17
1475795763000,1475795823000,60000,854153670,48062,-1062729170,1,3701,23
1475795763000,1475795823000,60000,854153670,60018,-1062729170,0,3191,18
1475795763000,1475795823000,60000,854153670,46711,-1062729170,0,3087,17
1475795823000,1475795883000,60000,854153670,5311,-1062729170,0,3151,18
1475795823000,1475795883000,60000,854153670,58704,-1062729170,1,3637,22
1475795823000,1475795883000,60000,854153670,9606,-1062729170,1,704,10
1475795823000,1475795883000,60000,854153670,52453,-1062729170,1,3637,22
1475795823000,1475795883000,60000,854153670,58704,-1062729170,0,3087,17
1475795823000,1475795883000,60000,854153670,12644,-1062729170,0,3087,17
1475795823000,1475795883000,60000,854153670,24429,-1062729170,1,3637,22
1475795823000,1475795883000,60000,854153670,64825,-1062729170,1,3637,22
1475795823000,1475795883000,60000,854153670,15584,-1062729170,0,3191,18
1475795823000,1475795883000,60000,854153670,5311,-1062729170,1,3757,23
1475795823000,1475795883000,60000,854153670,12644,-1062729170,1,3637,22
1475795823000,1475795883000,60000,854153670,36125,-1062729170,1,3637,22
1475795823000,1475795883000,60000,854153670,15584,-1062729170,1,3701,23
1475795823000,1475795883000,60000,854153670,56752,-1062729170,1,3701,23
1475795823000,1475795883000,60000,854153670,37714,-1062729170,1,3637,22
1475795823000,1475795883000,60000,854153670,37714,-1062729170,0,3087,17
1475795823000,1475795883000,60000,854153670,40385,-1062729170,0,3191,18
1475795823000,1475795883000,60000,854153670,33379,-1062729170,0,3087,17
1475795823000,1475795943000,120000,854153670,34412,-1062729170,1,3637,22
1475795823000,1475795883000,60000,854153670,16464,-1062729170,0,3087,17
1475795823000,1475795883000,60000,854153670,29541,-1062729170,0,3087,17
1475795823000,1475795883000,60000,854153670,36125,-1062729170,0,3087,17
1475795823000,1475795883000,60000,854153670,6616,-1062729170,0,3087,17
1475795823000,1475795883000,60000,854153670,13250,-1062729170,1,3637,22
1475795823000,1475795883000,60000,854153670,36670,-1062729170,0,3191,18
1475795823000,1475795883000,60000,854153670,36670,-1062729170,1,3637,23
1475795823000,1475795883000,60000,854153670,40385,-1062729170,1,3701,23
1475795823000,1475795883000,60000,854153670,56752,-1062729170,0,3191,18
1475795823000,1475795883000,60000,854153670,65324,-1062729170,0,3087,17
1475795823000,1475795883000,60000,854153670,65324,-1062729170,1,3637,22
1475795823000,1475795943000,120000,854153670,34412,-1062729170,0,3087,17
1475795823000,1475795883000,60000,854153670,9606,-1062729170,0,468,6
1475795823000,1475795883000,60000,854153670,16464,-1062729170,1,3637,22
1475795823000,1475795883000,60000,854153670,13250,-1062729170,0,3087,17
1475795823000,1475795883000,60000,854153670,64825,-1062729170,0,3087,17
1475795823000,1475795883000,60000,854153670,29541,-1062729170,1,3637,22
1475795823000,1475795883000,60000,854153670,6616,-1062729170,1,3637,22
1475795823000,1475795883000,60000,854153670,24429,-1062729170,0,3087,17
1475795823000,1475795883000,60000,854153670,52453,-1062729170,0,3087,17
1475795823000,1475795883000,60000,854153670,33379,-1062729170,1,3637,22
1475795883000,1475795943000,60000,854153670,38065,-1062729170,1,3573,22
1475795883000,1475796003000,120000,854153670,17195,-1062729170,0,5286,25
1475795883000,1475795943000,60000,854153670,9963,-1062729170,0,3087,17
1475795883000,1475795943000,60000,854153670,2175,-1062729170,1,3701,23
1475795883000,1475795943000,60000,854153670,2269,-1062729170,0,3087,17
1475795883000,1475795943000,60000,854153670,11841,-1062729170,1,3637,22
1475795883000,1475795943000,60000,854153670,38714,-1062729170,1,3637,22
1475795883000,1475795943000,60000,854153670,34276,-1062729170,0,3087,17
1475795883000,1475795943000,60000,854153670,60882,-1062729170,0,3087,17
1475795883000,1475795943000,60000,854153670,34362,-1062729170,1,3701,23
1475795883000,1475795943000,60000,854153670,49773,-1062729170,0,3087,17
1475795883000,1475795943000,60000,854153670,11841,-1062729170,0,3087,17
1475795883000,1475795943000,60000,854153670,26729,-1062729170,1,4201,26
1475795883000,1475795943000,60000,854153670,26729,-1062729170,0,3539,23
1475795883000,1475795943000,60000,854153670,1037,-1062729170,0,3191,18
1475795883000,1475795943000,60000,854153670,49773,-1062729170,1,3637,22
1475795883000,1475795943000,60000,854153670,38714,-1062729170,0,3087,17
1475795883000,1475796003000,120000,854153670,17195,-1062729170,1,4002,27
1475795883000,1475795943000,60000,854153670,2175,-1062729170,0,3191,18
1475795883000,1475795943000,60000,854153670,60516,-1062729170,0,3319,20
1475795883000,1475795943000,60000,854153670,38065,-1062729170,0,3087,17
1475795883000,1475795943000,60000,854153670,1037,-1062729170,1,3701,23
1475795883000,1475795943000,60000,854153670,15786,-1062729170,0,3191,18
1475795883000,1475795943000,60000,854153670,15786,-1062729170,1,3701,23
1475795883000,1475795943000,60000,854153670,32194,-1062729170,0,3087,17
1475795883000,1475795943000,60000,854153670,34276,-1062729170,1,3637,22
1475795883000,1475795943000,60000,854153670,29855,-1062729170,1,3637,22
1475795883000,1475795943000,60000,854153670,29855,-1062729170,0,3087,17
1475795883000,1475795943000,60000,854153670,9963,-1062729170,1,3637,22
1475795883000,1475795943000,60000,854153670,60516,-1062729170,1,3909,25
1475795883000,1475795943000,60000,854153670,32194,-1062729170,1,3637,22
1475795883000,1475795943000,60000,854153670,60882,-1062729170,1,3637,22
1475795883000,1475795943000,60000,854153670,34362,-1062729170,0,3191,18
1475795883000,1475795943000,60000,854153670,2269,-1062729170,1,3637,22
1475795893000,1475796068000,175000,1187318598,1690,-1407319846,1,192281,3590
1475795893000,1475796068000,175000,1187318598,1690,-1407319846,0,4986087,3627
1475795905000,1475795963000,58000,1187318598,1684,168428808,1,4277,20
1475795905000,1475795963000,58000,1187318598,1684,168428808,0,3119,14
1475795905000,1475795963000,58000,1607859387,39256,168428808,0,3207,12
1475795905000,1475795963000,58000,1607859387,39256,168428808,1,1671,13
1475795943000,1475796003000,60000,854153670,61469,-1062729170,0,3087,17
1475795943000,1475796003000,60000,854153670,50860,-1062729170,1,3637,22
1475795943000,1475796003000,60000,854153670,28024,-1062729170,1,3701,23
1475795943000,1475796003000,60000,854153670,56437,-1062729170,0,3087,17
1475795943000,1475796003000,60000,854153670,50860,-1062729170,0,3087,17
1475795943000,1475796003000,60000,854153670,23389,-1062729170,1,3689,23
1475795943000,1475796003000,60000,854153670,2916,-1062729170,0,3087,17
1475795943000,1475796003000,60000,854153670,41279,-1062729170,0,3087,17
1475795943000,1475796003000,60000,854153670,61469,-1062729170,1,3637,22
1475795943000,1475796003000,60000,854153670,63140,-1062729170,1,3637,22
1475795943000,1475796003000,60000,854153670,41994,-1062729170,0,3087,17
1475795943000,1475796003000,60000,854153670,39274,-1062729170,0,3087,17
1475795943000,1475796003000,60000,854153670,2916,-1062729170,1,3637,22
1475795943000,1475796003000,60000,854153670,4550,-1062729170,0,3087,17
1475795943000,1475796003000,60000,854153670,15441,-1062729170,1,3637,22
1475795943000,1475796063000,120000,854153670,55617,-1062729170,0,3087,17
1475795943000,1475796003000,60000,854153670,56437,-1062729170,1,3637,22
1475795943000,1475796003000,60000,854153670,7709,-1062729170,0,3087,17
1475795943000,1475796003000,60000,854153670,16523,-1062729170,1,3701,23
1475795943000,1475796003000,60000,854153670,23389,-1062729170,0,3087,17
1475795943000,1475796003000,60000,854153670,16523,-1062729170,0,3191,18
1475795943000,1475796003000,60000,854153670,41994,-1062729170,1,3637,22
1475795943000,1475796003000,60000,854153670,22638,-1062729170,1,3613,22
1475795943000,1475796063000,120000,854153670,55617,-1062729170,1,3573,22
1475795943000,1475796003000,60000,854153670,57508,-1062729170,0,3295,19
1475795943000,1475796003000,60000,854153670,15441,-1062729170,0,3087,17
1475795943000,1475796003000,60000,854153670,63140,-1062729170,0,3087,17
1475795943000,1475796003000,60000,854153670,7709,-1062729170,1,3637,22
1475795943000,1475796003000,60000,854153670,39274,-1062729170,1,3637,22
1475795943000,1475796003000,60000,854153670,28024,-1062729170,0,3183,18
1475795943000,1475796003000,60000,854153670,41279,-1062729170,1,3637,22
1475795943000,1475796003000,60000,854153670,4550,-1062729170,1,3637,22
1475795943000,1475796003000,60000,854153670,22638,-1062729170,0,3163,18
1475795943000,1475796003000,60000,854153670,57508,-1062729170,1,3765,24
1475796003000,1475796063000,60000,854153670,57004,-1062729170,1,3105,15
1475796003000,1475796063000,60000,854153670,57096,-1062729170,0,3191,18
1475796003000,1475796063000,60000,854153670,13782,-1062729170,1,3637,22
1475796003000,1475796063000,60000,854153670,3213,-1062729170,0,3087,17
1475796003000,1475796063000,60000,854153670,13305,-1062729170,0,3087,17
1475796003000,1475796063000,60000,854153670,3213,-1062729170,1,3637,22
1475796003000,1475796063000,60000,854153670,17313,-1062729170,0,3087,17
1475796003000,1475796063000,60000,854153670,17313,-1062729170,1,3637,22
1475796003000,1475796063000,60000,854153670,25651,-1062729170,0,3087,17
1475796003000,1475796063000,60000,854153670,21924,-1062729170,1,3701,23
1475796003000,1475796063000,60000,854153670,36159,-1062729170,1,3637,22
1475796003000,1475796063000,60000,854153670,27119,-1062729170,1,3701,23
1475796003000,1475796063000,60000,854153670,57096,-1062729170,1,3637,23
1475796003000,1475796063000,60000,854153670,25651,-1062729170,1,3573,22
1475796003000,1475796063000,60000,854153670,5653,-1062729170,1,3637,22
1475796003000,1475796063000,60000,854153670,36159,-1062729170,0,3087,17
1475796003000,1475796063000,60000,854153670,27119,-1062729170,0,3191,18
1475796003000,1475796063000,60000,854153670,40926,-1062729170,0,3191,18
1475796003000,1475796063000,60000,854153670,10298,-1062729170,0,3087,17
1475796003000,1475796063000,60000,854153670,32056,-1062729170,0,3087,17
1475796003000,1475796063000,60000,854153670,34049,-1062729170,0,3191,18
1475796003000,1475796063000,60000,854153670,10298,-1062729170,1,3637,22
1475796003000,1475796063000,60000,854153670,27473,-1062729170,0,3087,17
1475796003000,1475796063000,60000,854153670,34049,-1062729170,1,3701,23
1475796003000,1475796063000,60000,854153670,57004,-1062729170,0,2671,12
1475796003000,1475796063000,60000,854153670,21058,-1062729170,1,3637,22
1475796003000,1475796063000,60000,854153670,58250,-1062729170,0,3191,18
1475796003000,1475796063000,60000,854153670,40926,-1062729170,1,3701,23
1475796003000,1475796063000,60000,854153670,21924,-1062729170,0,3191,18
1475796003000,1475796063000,60000,854153670,24212,-1062729170,1,3573,22
1475796003000,1475796063000,60000,854153670,5653,-1062729170,0,3087,17
1475796003000,1475796063000,60000,854153670,24212,-1062729170,0,3087,17
1475796003000,1475796063000,60000,854153670,21058,-1062729170,0,3087,17
1475796003000,1475796063000,60000,854153670,32056,-1062729170,1,3637,22
1475796003000,1475796063000,60000,854153670,13782,-1062729170,0,3087,17
1475796003000,1475796063000,60000,854153670,27473,-1062729170,1,3637,22
1475796003000,1475796063000,60000,854153670,58250,-1062729170,1,3701,23
1475796003000,1475796063000,60000,854153670,13305,-1062729170,1,3637,22
1475796030000,1475796078000,48000,-1268656219,1740,168435625,0,3287,14
1475796030000,1475796078000,48000,-1268656219,1740,168435625,1,2287,13
1475796063000,1475796123000,60000,854153670,57279,-1062729170,1,3637,22
1475796063000,1475796123000,60000,854153670,20261,-1062729170,0,3191,18
1475796063000,1475796123000,60000,854153670,57004,-1062729170,1,532,7
1475796063000,1475796123000,60000,854153670,30244,-1062729170,1,3637,22
1475796063000,1475796183000,120000,854153670,40968,-1062729170,1,3637,22
1475796063000,1475796123000,60000,854153670,42478,-1062729170,0,3191,18
1475796063000,1475796123000,60000,854153670,31293,-1062729170,0,3087,17
1475796063000,1475796123000,60000,854153670,36810,-1062729170,1,3573,22
1475796063000,1475796123000,60000,854153670,15797,-1062729170,0,3087,17
1475796063000,1475796123000,60000,854153670,20261,-1062729170,1,3637,23
1475796063000,1475796123000,60000,854153670,8182,-1062729170,0,3191,18
1475796063000,1475796123000,60000,854153670,2723,-1062729170,1,3637,22
1475796063000,1475796183000,120000,854153670,40968,-1062729170,0,3087,17
1475796063000,1475796123000,60000,854153670,52020,-1062729170,0,3087,17
1475796063000,1475796123000,60000,854153670,2239,-1062729170,1,3637,22
1475796063000,1475796123000,60000,854153670,31293,-1062729170,1,3637,22
1475796063000,1475796123000,60000,854153670,57004,-1062729170,0,416,5
1475796063000,1475796123000,60000,854153670,60651,-1062729170,0,3087,17
1475796063000,1475796123000,60000,854153670,60651,-1062729170,1,3637,22
1475796063000,1475796123000,60000,854153670,8182,-1062729170,1,3701,23
1475796063000,1475796123000,60000,854153670,31663,-1062729170,0,3087,17
1475796063000,1475796123000,60000,854153670,31663,-1062729170,1,3637,22
1475796063000,1475796123000,60000,854153670,41592,-1062729170,1,3637,22
1475796063000,1475796123000,60000,854153670,57491,-1062729170,0,3087,17
1475796063000,1475796123000,60000,854153670,2239,-1062729170,0,3087,17
1475796063000,1475796123000,60000,854153670,38236,-1062729170,0,3191,18
1475796063000,1475796123000,60000,854153670,64694,-1062729170,0,3191,18
1475796063000,1475796123000,60000,854153670,30244,-1062729170,0,3087,17
1475796063000,1475796123000,60000,854153670,52020,-1062729170,1,3573,22
1475796063000,1475796123000,60000,854153670,23772,-1062729170,1,3637,22
1475796063000,1475796123000,60000,854153670,4135,-1062729170,0,3191,18
1475796063000,1475796123000,60000,854153670,64694,-1062729170,1,3701,23
1475796063000,1475796123000,60000,854153670,42478,-1062729170,1,3701,23
1475796063000,1475796123000,60000,854153670,41592,-1062729170,0,3087,17
1475796063000,1475796123000,60000,854153670,57491,-1062729170,1,3637,22
1475796063000,1475796123000,60000,854153670,23772,-1062729170,0,3087,17
1475796063000,1475796123000,60000,854153670,15797,-1062729170,1,3637,22
1475796063000,1475796123000,60000,854153670,4135,-1062729170,1,3701,23
1475796063000,1475796123000,60000,854153670,57279,-1062729170,0,3087,17
1475796063000,1475796123000,60000,854153670,36810,-1062729170,0,3087,17
1475796063000,1475796123000,60000,854153670,38236,-1062729170,1,3701,23
1475796063000,1475796123000,60000,854153670,2723,-1062729170,0,3087,17
1475796123000,1475796183000,60000,854153670,52134,-1062729170,1,3637,22
1475796123000,1475796183000,60000,854153670,16527,-1062729170,1,3637,22
1475796123000,1475796183000,60000,854153670,7048,-1062729170,1,3637,22
1475796123000,1475796183000,60000,854153670,49989,-1062729170,1,3637,22
1475796123000,1475796183000,60000,854153670,34119,-1062729170,0,3087,17
1475796123000,1475796183000,60000,854153670,60388,-1062729170,0,3191,18
1475796123000,1475796183000,60000,854153670,30922,-1062729170,0,3087,17
1475796123000,1475796183000,60000,854153670,54798,-1062729170,0,3191,18
1475796123000,1475796183000,60000,854153670,16850,-1062729170,0,3191,18
1475796123000,1475796183000,60000,854153670,31853,-1062729170,0,3191,18
1475796123000,1475796243000,120000,854153670,10211,-1062729170,1,3637,23
1475796123000,1475796183000,60000,854153670,34119,-1062729170,1,3637,22
1475796123000,1475796183000,60000,854153670,29179,-1062729170,1,3637,23
1475796123000,1475796183000,60000,854153670,3411,-1062729170,0,3087,17
1475796123000,1475796183000,60000,854153670,30326,-1062729170,1,3637,23
1475796123000,1475796183000,60000,854153670,31853,-1062729170,1,3701,23
1475796123000,1475796183000,60000,854153670,54798,-1062729170,1,3701,23
1475796123000,1475796183000,60000,854153670,10277,-1062729170,0,3087,17
1475796123000,1475796183000,60000,854153670,30469,-1062729170,1,3637,22
1475796123000,1475796183000,60000,854153670,16527,-1062729170,0,3087,17
1475796123000,1475796183000,60000,854153670,16850,-1062729170,1,3637,23
1475796123000,1475796183000,60000,854153670,49989,-1062729170,0,3087,17
1475796123000,1475796183000,60000,854153670,20477,-1062729170,1,3637,22
1475796123000,1475796183000,60000,854153670,33189,-1062729170,0,3087,17
1475796123000,1475796183000,60000,854153670,33189,-1062729170,1,3637,22
1475796123000,1475796183000,60000,854153670,29179,-1062729170,0,3191,18
1475796123000,1475796183000,60000,854153670,60388,-1062729170,1,3701,23
1475796123000,1475796183000,60000,854153670,3411,-1062729170,1,3573,22
1475796123000,1475796183000,60000,854153670,30326,-1062729170,0,3191,18
1475796123000,1475796183000,60000,854153670,30411,-1062729170,0,3087,17
1475796123000,1475796183000,60000,854153670,7048,-1062729170,0,3087,17
1475796123000,1475796183000,60000,854153670,5888,-1062729170,1,3637,22
1475796123000,1475796183000,60000,854153670,10277,-1062729170,1,3637,22
1475796123000,1475796243000,120000,854153670,10211,-1062729170,0,3191,18
1475796123000,1475796183000,60000,854153670,52134,-1062729170,0,3087,17
1475796123000,1475796183000,60000,854153670,30411,-1062729170,1,3637,22
1475796123000,1475796183000,60000,854153670,30469,-1062729170,0,3087,17
1475796123000,1475796183000,60000,854153670,30922,-1062729170,1,3637,22
1475796123000,1475796183000,60000,854153670,5888,-1062729170,0,3087,17
1475796123000,1475796183000,60000,854153670,20477,-1062729170,0,3087,17
1475796183000,1475796243000,60000,854153670,42778,-1062729170,1,3637,22
1475796183000,1475796243000,60000,854153670,14932,-1062729170,0,3087,17
1475796183000,1475796243000,60000,854153670,46142,-1062729170,1,3637,22
1475796183000,1475796243000,60000,854153670,53375,-1062729170,0,3191,18
1475796183000,1475796243000,60000,854153670,16991,-1062729170,1,3573,22
1475796183000,1475796303000,120000,854153670,10649,-1062729170,1,3689,23
1475796183000,1475796243000,60000,854153670,62836,-1062729170,1,3637,23
1475796183000,1475796243000,60000,854153670,14932,-1062729170,1,3637,22
1475796183000,1475796243000,60000,854153670,26012,-1062729170,0,3087,17
1475796183000,1475796243000,60000,854153670,26012,-1062729170,1,3573,22
1475796183000,1475796303000,120000,854153670,10649,-1062729170,0,3087,17
1475796183000,1475796243000,60000,854153670,54227,-1062729170,1,3701,23
1475796183000,1475796243000,60000,854153670,23913,-1062729170,1,3637,22
1475796183000,1475796243000,60000,854153670,29308,-1062729170,1,3637,22
1475796183000,1475796243000,60000,854153670,4876,-1062729170,0,3087,17
1475796183000,1475796243000,60000,854153670,46142,-1062729170,0,3087,17
1475796183000,1475796243000,60000,854153670,18905,-1062729170,0,3087,17
1475796183000,1475796243000,60000,854153670,3363,-1062729170,0,3191,18
1475796183000,1475796243000,60000,854153670,62836,-1062729170,0,3191,18
1475796183000,1475796243000,60000,854153670,23913,-1062729170,0,3087,17
1475796183000,1475796243000,60000,854153670,4876,-1062729170,1,3637,22
1475796183000,1475796243000,60000,854153670,41570,-1062729170,1,3573,22
1475796183000,1475796243000,60000,854153670,53375,-1062729170,1,3701,23
1475796183000,1475796243000,60000,854153670,30153,-1062729170,1,3637,22
1475796183000,1475796243000,60000,854153670,30153,-1062729170,0,3087,17
1475796183000,1475796243000,60000,854153670,29308,-1062729170,0,3087,17
1475796183000,1475796243000,60000,854153670,18905,-1062729170,1,3637,22
1475796183000,1475796243000,60000,854153670,42778,-1062729170,0,3087,17
1475796183000,1475796243000,60000,854153670,16991,-1062729170,0,3087,17
1475796183000,1475796243000,60000,854153670,54227,-1062729170,0,3191,18
1475796183000,1475796243000,60000,854153670,3363,-1062729170,1,3701,23
1475796183000,1475796243000,60000,854153670,41570,-1062729170,0,3087,17
1475796183000,1475796243000,60000,854153670,44576,-1062729170,0,3087,17
1475796183000,1475796243000,60000,854153670,11440,-1062729170,0,3087,17
1475796183000,1475796243000,60000,854153670,44576,-1062729170,1,3573,22
1475796183000,1475796243000,60000,854153670,11440,-1062729170,1,3573,22
1475796243000,1475796303000,60000,854153670,59677,-1062729170,0,3087,17
1475796243000,1475796303000,60000,854153670,29360,-1062729170,0,3087,17
1475796243000,1475796303000,60000,854153670,60783,-1062729170,1,3573,22
1475796243000,1475796303000,60000,854153670,34314,-1062729170,1,3637,22
1475796243000,1475796303000,60000,854153670,20253,-1062729170,0,3087,17
1475796243000,1475796303000,60000,854153670,34314,-1062729170,0,3087,17
1475796243000,1475796303000,60000,854153670,65124,-1062729170,1,3637,22
1475796243000,1475796303000,60000,854153670,12420,-1062729170,0,3087,17
1475796243000,1475796303000,60000,854153670,1941,-1062729170,1,3637,22
1475796243000,1475796303000,60000,854153670,29360,-1062729170,1,3573,22
1475796243000,1475796303000,60000,854153670,53216,-1062729170,0,3087,17
1475796243000,1475796363000,120000,854153670,43157,-1062729170,1,3637,22
1475796243000,1475796303000,60000,854153670,51915,-1062729170,1,3701,23
1475796243000,1475796303000,60000,854153670,1762,-1062729170,0,3087,17
1475796243000,1475796303000,60000,854153670,47111,-1062729170,1,3637,22
1475796243000,1475796303000,60000,854153670,9046,-1062729170,0,3191,18
1475796243000,1475796303000,60000,854153670,9046,-1062729170,1,3701,23
1475796243000,1475796303000,60000,854153670,59843,-1062729170,0,3191,18
1475796243000,1475796303000,60000,854153670,42520,-1062729170,0,3087,17
1475796243000,1475796303000,60000,854153670,1762,-1062729170,1,3637,22
1475796243000,1475796303000,60000,854153670,59843,-1062729170,1,3701,23
1475796243000,1475796303000,60000,854153670,12420,-1062729170,1,3637,22
1475796243000,1475796303000,60000,854153670,42520,-1062729170,1,3573,22
1475796243000,1475796303000,60000,854153670,59677,-1062729170,1,3637,22
1475796243000,1475796303000,60000,854153670,20253,-1062729170,1,3637,22
1475796243000,1475796303000,60000,854153670,47111,-1062729170,0,3087,17
1475796243000,1475796363000,120000,854153670,43157,-1062729170,0,3087,17
1475796243000,1475796303000,60000,854153670,65124,-1062729170,0,3087,17
1475796243000,1475796303000,60000,854153670,30013,-1062729170,0,3087,17
1475796243000,1475796303000,60000,854153670,30013,-1062729170,1,3637,22
1475796243000,1475796303000,60000,854153670,1941,-1062729170,0,3087,17
1475796243000,1475796303000,60000,854153670,49935,-1062729170,1,3701,23
1475796243000,1475796303000,60000,854153670,53216,-1062729170,1,3637,22
1475796243000,1475796303000,60000,854153670,51915,-1062729170,0,3191,18
1475796243000,1475796303000,60000,854153670,60783,-1062729170,0,3087,17
1475796243000,1475796303000,60000,854153670,49935,-1062729170,0,3191,18
1475796274000,1475796323000,49000,1607859387,54415,168428808,0,3143,11
1475796274000,1475796323000,49000,1607859387,54415,168428808,1,1619,12
1475796303000,1475796363000,60000,854153670,43182,-1062729170,1,3637,22
1475796303000,1475796363000,60000,854153670,5764,-1062729170,1,3637,22
1475796303000,1475796363000,60000,854153670,28036,-1062729170,0,3087,17
1475796303000,1475796363000,60000,854153670,16888,-1062729170,1,3837,23
1475796303000,1475796363000,60000,854153670,49802,-1062729170,1,3637,22
1475796303000,1475796363000,60000,854153670,49131,-1062729170,0,3087,17
1475796303000,1475796363000,60000,854153670,24070,-1062729170,0,3087,17
1475796303000,1475796363000,60000,854153670,28036,-1062729170,1,3637,22
1475796303000,1475796363000,60000,854153670,32391,-1062729170,0,2663,12
1475796303000,1475796363000,60000,854153670,44737,-1062729170,1,3637,22
1475796303000,1475796363000,60000,854153670,5764,-1062729170,0,3087,17
1475796303000,1475796363000,60000,854153670,43182,-1062729170,0,3087,17
1475796303000,1475796363000,60000,854153670,19513,-1062729170,1,3573,22
1475796303000,1475796363000,60000,854153670,44737,-1062729170,0,3087,17
1475796303000,1475796363000,60000,854153670,16985,-1062729170,0,3191,18
1475796303000,1475796363000,60000,854153670,11089,-1062729170,0,3087,17
1475796303000,1475796363000,60000,854153670,6715,-1062729170,0,3087,17
1475796303000,1475796363000,60000,854153670,16888,-1062729170,0,3151,18
1475796303000,1475796363000,60000,854153670,49802,-1062729170,0,3087,17
1475796303000,1475796363000,60000,854153670,38137,-1062729170,0,3087,17
1475796303000,1475796363000,60000,854153670,49131,-1062729170,1,3637,22
1475796303000,1475796363000,60000,854153670,26828,-1062729170,0,3087,17
1475796303000,1475796363000,60000,854153670,25716,-1062729170,0,3295,19
1475796303000,1475796363000,60000,854153670,3694,-1062729170,0,3087,17
1475796303000,1475796363000,60000,854153670,31569,-1062729170,1,3637,22
1475796303000,1475796363000,60000,854153670,27449,-1062729170,0,3087,17
1475796303000,1475796363000,60000,854153670,27449,-1062729170,1,3637,22
1475796303000,1475796363000,60000,854153670,26828,-1062729170,1,3637,22
1475796303000,1475796363000,60000,854153670,24070,-1062729170,1,3637,22
1475796303000,1475796363000,60000,854153670,25716,-1062729170,1,3765,24
1475796303000,1475796363000,60000,854153670,32391,-1062729170,1,3041,15
1475796303000,1475796363000,60000,854153670,6715,-1062729170,1,3637,22
1475796303000,1475796363000,60000,854153670,31569,-1062729170,0,3139,18
1475796303000,1475796363000,60000,854153670,3694,-1062729170,1,3689,23
1475796303000,1475796363000,60000,854153670,38137,-1062729170,1,3637,22
1475796303000,1475796363000,60000,854153670,19513,-1062729170,0,3087,17
1475796303000,1475796363000,60000,854153670,11089,-1062729170,1,3637,22
1475796303000,1475796363000,60000,854153670,16985,-1062729170,1,3701,23
1475796363000,1475796423000,60000,854153670,1845,-1062729170,1,3637,22
1475796363000,1475796423000,60000,854153670,37182,-1062729170,1,3637,22
1475796363000,1475796423000,60000,854153670,34853,-1062729170,0,3295,19
1475796363000,1475796423000,60000,854153670,32391,-1062729170,0,416,5
1475796363000,1475796423000,60000,854153670,37012,-1062729170,1,3637,22
1475796363000,1475796423000,60000,854153670,51443,-1062729170,0,3087,17
1475796363000,1475796423000,60000,854153670,3886,-1062729170,1,3701,23
1475796363000,1475796423000,60000,854153670,42887,-1062729170,0,3191,18
1475796363000,1475796423000,60000,854153670,46912,-1062729170,0,3087,17
1475796363000,1475796483000,120000,854153670,46113,-1062729170,1,3637,22
1475796363000,1475796423000,60000,854153670,51443,-1062729170,1,3637,22
1475796363000,1475796423000,60000,854153670,29711,-1062729170,1,3637,22
1475796363000,1475796423000,60000,854153670,22014,-1062729170,1,3637,22
1475796363000,1475796423000,60000,854153670,7689,-1062729170,0,3191,18
1475796363000,1475796423000,60000,854153670,42194,-1062729170,1,3637,22
1475796363000,1475796423000,60000,854153670,38832,-1062729170,0,3087,17
1475796363000,1475796423000,60000,854153670,7689,-1062729170,1,3701,23
1475796363000,1475796423000,60000,854153670,50587,-1062729170,0,3087,17
1475796363000,1475796423000,60000,854153670,50587,-1062729170,1,3637,22
1475796363000,1475796423000,60000,854153670,38832,-1062729170,1,3637,22
1475796363000,1475796423000,60000,854153670,12965,-1062729170,0,3087,17
1475796363000,1475796423000,60000,854153670,1845,-1062729170,0,3087,17
1475796363000,1475796423000,60000,854153670,25747,-1062729170,1,3637,22
1475796363000,1475796423000,60000,854153670,12965,-1062729170,1,3637,22
1475796363000,1475796423000,60000,854153670,46912,-1062729170,1,3637,22
1475796363000,1475796423000,60000,854153670,29711,-1062729170,0,3087,17
1475796363000,1475796423000,60000,854153670,42887,-1062729170,1,3701,23
1475796363000,1475796423000,60000,854153670,3886,-1062729170,0,3191,18
1475796363000,1475796423000,60000,854153670,37012,-1062729170,0,3087,17
1475796363000,1475796423000,60000,854153670,25747,-1062729170,0,3087,17
1475796363000,1475796423000,60000,854153670,37182,-1062729170,0,3087,17
1475796363000,1475796423000,60000,854153670,38431,-1062729170,0,3295,19
1475796363000,1475796423000,60000,854153670,34853,-1062729170,1,3765,24
1475796363000,1475796423000,60000,854153670,38431,-1062729170,1,3765,24
1475796363000,1475796423000,60000,854153670,22014,-1062729170,0,3087,17
1475796363000,1475796423000,60000,854153670,4420,-1062729170,0,3087,17
1475796363000,1475796423000,60000,854153670,42194,-1062729170,0,3087,17
1475796363000,1475796423000,60000,854153670,32391,-1062729170,1,532,7
1475796363000,1475796423000,60000,854153670,4420,-1062729170,1,3637,22
1475796363000,1475796483000,120000,854153670,46113,-1062729170,0,3087,17
1475796395000,1475796453000,58000,-1185039889,58967,167772427,1,1397,13
1475796395000,1475796453000,58000,-1185039889,58967,167772427,0,2731,13
1475796423000,1475796483000,60000,854153670,3172,-1062729170,0,3527,22
1475796423000,1475796543000,120000,854153670,49894,-1062729170,0,3087,17
1475796423000,1475796483000,60000,854153670,63226,-1062729170,1,3637,23
1475796423000,1475796483000,60000,854153670,29759,-1062729170,0,3087,17
1475796423000,1475796483000,60000,854153670,48651,-1062729170,0,3087,17
1475796423000,1475796483000,60000,854153670,11245,-1062729170,1,3701,23
1475796423000,1475796483000,60000,854153670,14903,-1062729170,0,3191,18
1475796423000,1475796483000,60000,854153670,33979,-1062729170,0,3191,18
1475796423000,1475796483000,60000,854153670,31885,-1062729170,1,3701,23
1475796423000,1475796483000,60000,854153670,63226,-1062729170,0,3191,18
1475796423000,1475796483000,60000,854153670,29759,-1062729170,1,3689,23
1475796423000,1475796483000,60000,854153670,3172,-1062729170,1,4229,27
1475796423000,1475796483000,60000,854153670,7241,-1062729170,1,3765,24
1475796423000,1475796483000,60000,854153670,50150,-1062729170,0,3087,17
1475796423000,1475796483000,60000,854153670,46129,-1062729170,1,3689,23
1475796423000,1475796483000,60000,854153670,11245,-1062729170,0,3191,18
1475796423000,1475796483000,60000,854153670,11659,-1062729170,1,3701,23
1475796423000,1475796483000,60000,854153670,7241,-1062729170,0,3295,19
1475796423000,1475796483000,60000,854153670,31885,-1062729170,0,3191,18
1475796423000,1475796483000,60000,854153670,57770,-1062729170,0,3087,17
1475796423000,1475796483000,60000,854153670,57770,-1062729170,1,3637,22
1475796423000,1475796483000,60000,854153670,33979,-1062729170,1,3637,23
1475796423000,1475796483000,60000,854153670,31198,-1062729170,0,3087,17
1475796423000,1475796483000,60000,854153670,31198,-1062729170,1,3637,22
1475796423000,1475796483000,60000,854153670,61919,-1062729170,1,3637,22
1475796423000,1475796483000,60000,854153670,50150,-1062729170,1,3637,22
1475796423000,1475796483000,60000,854153670,11659,-1062729170,0,3191,18
1475796423000,1475796483000,60000,854153670,14903,-1062729170,1,3701,23
1475796423000,1475796483000,60000,854153670,38019,-1062729170,1,3637,22
1475796423000,1475796543000,120000,854153670,49894,-1062729170,1,3637,22
1475796423000,1475796483000,60000,854153670,61919,-1062729170,0,3087,17
1475796423000,1475796483000,60000,854153670,38019,-1062729170,0,3087,17
1475796423000,1475796483000,60000,854153670,11069,-1062729170,0,3191,18
1475796423000,1475796483000,60000,854153670,46129,-1062729170,0,3087,17
1475796423000,1475796483000,60000,854153670,11069,-1062729170,1,3701,23
1475796423000,1475796483000,60000,854153670,48651,-1062729170,1,3637,22
1475796433000,1475796668000,235000,854153670,7582,-1407319846,1,5040,47
1475796433000,1475796668000,235000,854153670,7582,-1407319846,0,78248,59
1475796456000,1475796503000,47000,-1268656219,1851,168428808,0,3283,12
1475796456000,1475796503000,47000,-1268656219,1851,168428808,1,2207,11
1475796483000,1475796543000,60000,854153670,19486,-1062729170,1,3637,22
1475796483000,1475796543000,60000,854153670,52256,-1062729170,1,3637,22
1475796483000,1475796543000,60000,854153670,52256,-1062729170,0,3087,17
1475796483000,1475796543000,60000,854153670,17348,-1062729170,1,3637,22
1475796483000,1475796543000,60000,854153670,59006,-1062729170,1,3637,22
1475796483000,1475796543000,60000,854153670,12089,-1062729170,0,3087,17
1475796483000,1475796543000,60000,854153670,49519,-1062729170,1,3637,23
1475796483000,1475796543000,60000,854153670,44620,-1062729170,0,3087,17
1475796483000,1475796543000,60000,854153670,43888,-1062729170,0,3087,17
1475796483000,1475796543000,60000,854153670,46469,-1062729170,1,3637,22
1475796483000,1475796543000,60000,854153670,59970,-1062729170,1,3573,22
1475796483000,1475796543000,60000,854153670,41991,-1062729170,1,3637,22
1475796483000,1475796543000,60000,854153670,65511,-1062729170,0,3191,18
1475796483000,1475796543000,60000,854153670,27842,-1062729170,1,3701,23
1475796483000,1475796603000,120000,854153670,45356,-1062729170,0,3087,17
1475796483000,1475796543000,60000,854153670,21776,-1062729170,0,3087,17
1475796483000,1475796543000,60000,854153670,31264,-1062729170,1,3637,22
1475796483000,1475796543000,60000,854153670,51885,-1062729170,1,3653,23
1475796483000,1475796543000,60000,854153670,19486,-1062729170,0,3087,17
1475796483000,1475796543000,60000,854153670,44620,-1062729170,1,3573,22
1475796483000,1475796543000,60000,854153670,43256,-1062729170,1,3701,23
1475796483000,1475796543000,60000,854153670,29087,-1062729170,0,3087,17
1475796483000,1475796543000,60000,854153670,29087,-1062729170,1,3637,22
1475796483000,1475796543000,60000,854153670,46469,-1062729170,0,3087,17
1475796483000,1475796603000,120000,854153670,45356,-1062729170,1,3637,22
1475796483000,1475796543000,60000,854153670,59970,-1062729170,0,3087,17
1475796483000,1475796543000,60000,854153670,65511,-1062729170,1,3701,23
1475796483000,1475796543000,60000,854153670,12089,-1062729170,1,3637,22
1475796483000,1475796543000,60000,854153670,41991,-1062729170,0,3087,17
1475796483000,1475796543000,60000,854153670,43256,-1062729170,0,3191,18
1475796483000,1475796543000,60000,854153670,39670,-1062729170,0,3087,17
1475796483000,1475796543000,60000,854153670,49519,-1062729170,0,3191,18
1475796483000,1475796543000,60000,854153670,27842,-1062729170,0,3191,18
1475796483000,1475796543000,60000,854153670,39670,-1062729170,1,3637,22
1475796483000,1475796543000,60000,854153670,43888,-1062729170,1,3637,22
1475796483000,1475796543000,60000,854153670,31264,-1062729170,0,3087,17
1475796483000,1475796543000,60000,854153670,51885,-1062729170,0,3139,18
1475796483000,1475796543000,60000,854153670,59006,-1062729170,0,3087,17
1475796483000,1475796543000,60000,854153670,17348,-1062729170,0,3087,17
1475796483000,1475796543000,60000,854153670,21776,-1062729170,1,3637,22
1475796543000,1475796603000,60000,854153670,15442,-1062729170,0,3087,17
1475796543000,1475796603000,60000,854153670,12037,-1062729170,1,3701,23
1475796543000,1475796603000,60000,854153670,15081,-1062729170,0,3087,17
1475796543000,1475796603000,60000,854153670,42932,-1062729170,0,3087,17
1475796543000,1475796603000,60000,854153670,58837,-1062729170,1,3637,22
1475796543000,1475796603000,60000,854153670,2416,-1062729170,0,3087,17
1475796543000,1475796603000,60000,854153670,42493,-1062729170,1,3637,22
1475796543000,1475796603000,60000,854153670,63144,-1062729170,1,3701,23
1475796543000,1475796603000,60000,854153670,52829,-1062729170,0,3087,17
1475796543000,1475796603000,60000,854153670,48547,-1062729170,1,3701,23
1475796543000,1475796603000,60000,854153670,10485,-1062729170,0,3191,18
1475796543000,1475796603000,60000,854153670,64133,-1062729170,0,2671,12
1475796543000,1475796603000,60000,854153670,48547,-1062729170,0,3191,18
1475796543000,1475796603000,60000,854153670,64133,-1062729170,1,3105,15
1475796543000,1475796603000,60000,854153670,50594,-1062729170,1,3701,23
1475796543000,1475796603000,60000,854153670,40855,-1062729170,1,3701,23
1475796543000,1475796603000,60000,854153670,15081,-1062729170,1,3637,22
1475796543000,1475796603000,60000,854153670,42493,-1062729170,0,3087,17
1475796543000,1475796603000,60000,854153670,12037,-1062729170,0,3191,18
1475796543000,1475796603000,60000,854153670,40855,-1062729170,0,3191,18
1475796543000,1475796603000,60000,854153670,10485,-1062729170,1,3637,23
1475796543000,1475796603000,60000,854153670,50594,-1062729170,0,3191,18
1475796543000,1475796603000,60000,854153670,42932,-1062729170,1,3637,22
1475796543000,1475796603000,60000,854153670,52829,-1062729170,1,3637,22
1475796543000,1475796603000,60000,854153670,41796,-1062729170,1,3637,22
1475796543000,1475796603000,60000,854153670,43691,-1062729170,1,3637,22
1475796543000,1475796603000,60000,854153670,2377,-1062729170,1,3637,22
1475796543000,1475796603000,60000,854153670,43691,-1062729170,0,3087,17
1475796543000,1475796603000,60000,854153670,29758,-1062729170,1,3637,22
1475796543000,1475796603000,60000,854153670,2377,-1062729170,0,3087,17
1475796543000,1475796603000,60000,854153670,41796,-1062729170,0,3087,17
1475796543000,1475796603000,60000,854153670,15442,-1062729170,1,3573,22
1475796543000,1475796603000,60000,854153670,63144,-1062729170,0,3191,18
1475796543000,1475796603000,60000,854153670,29758,-1062729170,0,3087,17
1475796543000,1475796603000,60000,854153670,2416,-1062729170,1,3637,22
1475796543000,1475796603000,60000,854153670,58837,-1062729170,0,3087,17
1475796575000,1475796623000,48000,1607859387,54329,168428808,0,3143,11
1475796575000,1475796623000,48000,1607859387,54329,168428808,1,1671,13
1475796593000,1475796623000,30000,1433347714,53556,168433767,0,2971,12
1475796593000,1475796623000,30000,1433347714,53556,168433767,1,1328,12
1475796593000,1475796623000,30000,1433347714,53552,168433767,0,2971,12
1475796593000,1475796623000,30000,1433347714,53552,168433767,1,1328,12
1475796598000,1475796631000,33000,873027881,41900,-1407319273,0,3807,21
1475796598000,1475796631000,33000,873027881,41902,-1407319273,0,3807,21
1475796598000,1475796631000,33000,873027881,41900,-1407319273,1,4703,21
1475796598000,1475796631000,33000,873027881,41902,-1407319273,1,4755,22
1475796598000,1475796631000,33000,873027881,41906,-1407319273,1,5015,23
1475796598000,1475796631000,33000,873027881,41904,-1407319273,0,4967,28
1475796598000,1475796631000,33000,873027881,41906,-1407319273,0,3855,21
1475796598000,1475796631000,33000,873027881,41904,-1407319273,1,5119,29
1475796603000,1475796663000,60000,854153670,55208,-1062729170,1,3637,22
1475796603000,1475796663000,60000,854153670,22686,-1062729170,0,3087,17
1475796603000,1475796663000,60000,854153670,64927,-1062729170,0,3087,17
1475796603000,1475796663000,60000,854153670,61627,-1062729170,0,3087,17
1475796603000,1475796663000,60000,854153670,49544,-1062729170,0,3087,17
1475796603000,1475796663000,60000,854153670,62322,-1062729170,0,3191,18
1475796603000,1475796663000,60000,854153670,22686,-1062729170,1,3637,22
1475796603000,1475796663000,60000,854153670,30780,-1062729170,0,3087,17
1475796603000,1475796663000,60000,854153670,12649,-1062729170,0,2671,12
1475796603000,1475796663000,60000,854153670,31966,-1062729170,0,3087,17
1475796603000,1475796663000,60000,854153670,9593,-1062729170,0,3191,18
1475796603000,1475796663000,60000,854153670,30780,-1062729170,1,3637,22
1475796603000,1475796663000,60000,854153670,62322,-1062729170,1,3701,23
1475796603000,1475796663000,60000,854153670,61627,-1062729170,1,3573,22
1475796603000,1475796663000,60000,854153670,39278,-1062729170,0,3191,18
1475796603000,1475796663000,60000,854153670,46564,-1062729170,0,3087,17
1475796603000,1475796663000,60000,854153670,46564,-1062729170,1,3637,22
1475796603000,1475796663000,60000,854153670,42342,-1062729170,1,3701,23
1475796603000,1475796663000,60000,854153670,15184,-1062729170,1,3637,22
1475796603000,1475796663000,60000,854153670,49544,-1062729170,1,3637,22
1475796603000,1475796663000,60000,854153670,42342,-1062729170,0,3191,18
1475796603000,1475796663000,60000,854153670,64133,-1062729170,1,532,7
1475796603000,1475796663000,60000,854153670,2913,-1062729170,1,3701,23
1475796603000,1475796663000,60000,854153670,24492,-1062729170,1,3613,22
1475796603000,1475796663000,60000,854153670,55208,-1062729170,0,3087,17
1475796603000,1475796663000,60000,854153670,43508,-1062729170,1,3637,22
1475796603000,1475796663000,60000,854153670,65311,-1062729170,1,3689,23
1475796603000,1475796663000,60000,854153670,15184,-1062729170,0,3087,17
1475796603000,1475796663000,60000,854153670,12649,-1062729170,1,3041,15
1475796603000,1475796663000,60000,854153670,39278,-1062729170,1,3701,23
1475796603000,1475796663000,60000,854153670,65311,-1062729170,0,3087,17
1475796603000,1475796663000,60000,854153670,64133,-1062729170,0,416,5
1475796603000,1475796663000,60000,854153670,43508,-1062729170,0,3087,17
1475796603000,1475796663000,60000,854153670,2913,-1062729170,0,3191,18
1475796603000,1475796663000,60000,854153670,9593,-1062729170,1,3701,23
1475796603000,1475796663000,60000,854153670,64927,-1062729170,1,3637,22
1475796603000,1475796663000,60000,854153670,24492,-1062729170,0,3087,17
1475796603000,1475796663000,60000,854153670,31966,-1062729170,1,3637,22
1475796624000,1475796683000,59000,-1306267583,50974,168428808,0,3351,14
1475796624000,1475796683000,59000,-1306267583,50974,168428808,1,1883,15
1475796663000,1475796723000,60000,854153670,4786,-1062729170,0,3087,17
1475796663000,1475796723000,60000,854153670,33729,-1062729170,0,3191,18
1475796663000,1475796723000,60000,854153670,13225,-1062729170,1,3637,22
1475796663000,1475796723000,60000,854153670,32659,-1062729170,1,3701,23
1475796663000,1475796723000,60000,854153670,64710,-1062729170,0,3087,17
1475796663000,1475796723000,60000,854153670,34662,-1062729170,1,3701,23
1475796663000,1475796723000,60000,854153670,39798,-1062729170,1,3637,22
1475796663000,1475796723000,60000,854153670,36703,-1062729170,0,3191,18
1475796663000,1475796723000,60000,854153670,20930,-1062729170,1,3701,23
1475796663000,1475796723000,60000,854153670,13225,-1062729170,0,3087,17
1475796663000,1475796723000,60000,854153670,2790,-1062729170,1,3573,22
1475796663000,1475796723000,60000,854153670,6003,-1062729170,1,3701,23
1475796663000,1475796723000,60000,854153670,2790,-1062729170,0,3087,17
1475796663000,1475796723000,60000,854153670,3842,-1062729170,1,3637,22
1475796663000,1475796723000,60000,854153670,53175,-1062729170,1,3637,22
1475796663000,1475796783000,120000,854153670,40791,-1062729170,1,3637,22
1475796663000,1475796723000,60000,854153670,36703,-1062729170,1,3701,23
1475796663000,1475796783000,120000,854153670,40791,-1062729170,0,3087,17
1475796663000,1475796723000,60000,854153670,14754,-1062729170,1,3637,22
1475796663000,1475796723000,60000,854153670,3746,-1062729170,1,3701,23
1475796663000,1475796723000,60000,854153670,12649,-1062729170,0,416,5
1475796663000,1475796723000,60000,854153670,3842,-1062729170,0,3087,17
1475796663000,1475796723000,60000,854153670,4786,-1062729170,1,3637,22
1475796663000,1475796723000,60000,854153670,34662,-1062729170,0,3191,18
1475796663000,1475796723000,60000,854153670,53175,-1062729170,0,3087,17
1475796663000,1475796723000,60000,854153670,20930,-1062729170,0,3191,18
1475796663000,1475796723000,60000,854153670,40128,-1062729170,1,3637,22
1475796663000,1475796723000,60000,854153670,3746,-1062729170,0,3191,18
1475796663000,1475796723000,60000,854153670,40128,-1062729170,0,3139,18
1475796663000,1475796723000,60000,854153670,39798,-1062729170,0,3087,17
1475796663000,1475796723000,60000,854153670,14754,-1062729170,0,3087,17
1475796663000,1475796723000,60000,854153670,23101,-1062729170,1,3701,23
1475796663000,1475796723000,60000,854153670,33729,-1062729170,1,3701,23
1475796663000,1475796723000,60000,854153670,32659,-1062729170,0,3191,18
1475796663000,1475796723000,60000,854153670,64710,-1062729170,1,3637,22
1475796663000,1475796723000,60000,854153670,23101,-1062729170,0,3191,18
1475796663000,1475796723000,60000,854153670,6003,-1062729170,0,3191,18
1475796663000,1475796723000,60000,854153670,12649,-1062729170,1,532,7
1475796724000,1475796783000,59000,854153670,23503,-1062729170,0,3087,17
1475796724000,1475796783000,59000,854153670,50068,-1062729170,0,3191,18
1475796724000,1475796783000,59000,854153670,46604,-1062729170,0,3191,18
1475796724000,1475796783000,59000,854153670,28649,-1062729170,0,3087,17
1475796724000,1475796783000,59000,854153670,18917,-1062729170,0,3087,17
1475796724000,1475796783000,59000,854153670,22492,-1062729170,0,3191,18
1475796724000,1475796783000,59000,854153670,16038,-1062729170,0,3087,17
1475796724000,1475796783000,59000,854153670,14181,-1062729170,1,3637,22
1475796724000,1475796783000,59000,854153670,1301,-1062729170,0,3087,17
1475796724000,1475796783000,59000,854153670,1301,-1062729170,1,3637,22
1475796724000,1475796783000,59000,854153670,20380,-1062729170,1,3573,22
1475796724000,1475796783000,59000,854153670,18917,-1062729170,1,3637,22
1475796724000,1475796843000,119000,854153670,23015,-1062729170,1,3637,22
1475796724000,1475796783000,59000,854153670,28472,-1062729170,1,3701,23
1475796724000,1475796783000,59000,854153670,50678,-1062729170,0,3087,17
1475796724000,1475796783000,59000,854153670,18577,-1062729170,1,3637,22
1475796724000,1475796783000,59000,854153670,36634,-1062729170,1,3637,22
1475796724000,1475796783000,59000,854153670,47014,-1062729170,0,3191,19
1475796724000,1475796783000,59000,854153670,16038,-1062729170,1,3637,22
1475796724000,1475796783000,59000,854153670,22492,-1062729170,1,3637,23
1475796724000,1475796783000,59000,854153670,28649,-1062729170,1,3573,22
1475796724000,1475796783000,59000,854153670,14181,-1062729170,0,3087,17
1475796724000,1475796783000,59000,854153670,50678,-1062729170,1,3637,22
1475796724000,1475796783000,59000,854153670,47014,-1062729170,1,3637,22
1475796724000,1475796783000,59000,854153670,61266,-1062729170,0,3191,18
1475796724000,1475796783000,59000,854153670,49351,-1062729170,1,3701,23
1475796724000,1475796783000,59000,854153670,23503,-1062729170,1,3573,22
1475796724000,1475796843000,119000,854153670,23015,-1062729170,0,3087,17
1475796724000,1475796783000,59000,854153670,49351,-1062729170,0,3191,18
1475796724000,1475796783000,59000,854153670,46604,-1062729170,1,3637,23
1475796724000,1475796783000,59000,854153670,20380,-1062729170,0,3087,17
1475796724000,1475796783000,59000,854153670,23705,-1062729170,1,3637,23
1475796724000,1475796783000,59000,854153670,23705,-1062729170,0,3191,18
1475796724000,1475796783000,59000,854153670,36634,-1062729170,0,3087,17
1475796724000,1475796783000,59000,854153670,61266,-1062729170,1,3701,23
1475796724000,1475796783000,59000,854153670,18577,-1062729170,0,3087,17
1475796724000,1475796783000,59000,854153670,28472,-1062729170,0,3191,18
1475796724000,1475796783000,59000,854153670,50068,-1062729170,1,3701,23
1475796784000,1475796843000,59000,854153670,6483,-1062729170,1,3637,22
1475796784000,1475796843000,59000,854153670,39709,-1062729170,1,3637,22
1475796784000,1475796843000,59000,854153670,58068,-1062729170,0,3151,18
1475796784000,1475796843000,59000,854153670,9257,-1062729170,0,3191,18
1475796784000,1475796903000,119000,854153670,34411,-1062729170,0,3087,17
1475796784000,1475796843000,59000,854153670,13917,-1062729170,0,3191,18
1475796784000,1475796843000,59000,854153670,62583,-1062729170,0,3087,17
1475796784000,1475796843000,59000,854153670,53899,-1062729170,1,3701,23
1475796784000,1475796843000,59000,854153670,50858,-1062729170,1,3637,22
1475796784000,1475796843000,59000,854153670,20607,-1062729170,1,3637,22
1475796784000,1475796843000,59000,854153670,13917,-1062729170,1,3701,23
1475796784000,1475796843000,59000,854153670,50858,-1062729170,0,3087,17
1475796784000,1475796843000,59000,854153670,11930,-1062729170,1,3701,23
1475796784000,1475796843000,59000,854153670,7245,-1062729170,0,3087,17
1475796784000,1475796843000,59000,854153670,4185,-1062729170,0,3087,17
1475796784000,1475796843000,59000,854153670,6483,-1062729170,0,3087,17
1475796784000,1475796843000,59000,854153670,36930,-1062729170,1,3701,23
1475796784000,1475796843000,59000,854153670,20607,-1062729170,0,3087,17
1475796784000,1475796843000,59000,854153670,57095,-1062729170,0,3087,17
1475796784000,1475796843000,59000,854153670,33103,-1062729170,1,3637,22
1475796784000,1475796903000,119000,854153670,34411,-1062729170,1,3637,22
1475796784000,1475796843000,59000,854153670,39709,-1062729170,0,3087,17
1475796784000,1475796843000,59000,854153670,53899,-1062729170,0,3191,18
1475796784000,1475796843000,59000,854153670,33103,-1062729170,0,3087,17
1475796784000,1475796843000,59000,854153670,62583,-1062729170,1,3637,22
1475796784000,1475796843000,59000,854153670,2778,-1062729170,1,3637,22
1475796784000,1475796843000,59000,854153670,36930,-1062729170,0,3191,18
1475796784000,1475796843000,59000,854153670,48719,-1062729170,0,3191,18
1475796784000,1475796843000,59000,854153670,11930,-1062729170,0,3191,18
1475796784000,1475796843000,59000,854153670,60998,-1062729170,0,3087,17
1475796784000,1475796843000,59000,854153670,2778,-1062729170,0,3087,17
1475796784000,1475796843000,59000,854153670,58068,-1062729170,1,3837,23
1475796784000,1475796843000,59000,854153670,4185,-1062729170,1,3637,22
1475796784000,1475796843000,59000,854153670,48719,-1062729170,1,3701,23
1475796784000,1475796843000,59000,854153670,63166,-1062729170,0,3087,17
1475796784000,1475796843000,59000,854153670,60998,-1062729170,1,3637,22
1475796784000,1475796843000,59000,854153670,57095,-1062729170,1,3637,22
1475796784000,1475796843000,59000,854153670,9257,-1062729170,1,3701,23
1475796784000,1475796843000,59000,854153670,7245,-1062729170,1,3637,22
1475796784000,1475796843000,59000,854153670,63166,-1062729170,1,3637,22
1475796843000,1475796903000,60000,854153670,45741,-1062729170,0,3191,18
1475796843000,1475796903000,60000,854153670,13506,-1062729170,1,3701,23
1475796843000,1475796903000,60000,854153670,11484,-1062729170,1,3637,22
1475796843000,1475796903000,60000,854153670,45741,-1062729170,1,3701,23
1475796843000,1475796903000,60000,854153670,64399,-1062729170,1,3701,23
1475796843000,1475796903000,60000,854153670,19826,-1062729170,0,3087,17
1475796843000,1475796903000,60000,854153670,21482,-1062729170,0,3087,17
1475796843000,1475796903000,60000,854153670,13506,-1062729170,0,3191,18
1475796843000,1475796903000,60000,854153670,58627,-1062729170,1,3573,22
1475796843000,1475796903000,60000,854153670,12496,-1062729170,1,3701,23
1475796843000,1475796903000,60000,854153670,44881,-1062729170,0,3087,17
1475796843000,1475796903000,60000,854153670,21482,-1062729170,1,3689,23
1475796843000,1475796903000,60000,854153670,58627,-1062729170,0,3087,17
1475796843000,1475796903000,60000,854153670,50538,-1062729170,1,3573,22
1475796843000,1475796903000,60000,854153670,19908,-1062729170,0,3191,18
1475796843000,1475796903000,60000,854153670,33215,-1062729170,0,3087,17
1475796843000,1475796903000,60000,854153670,34971,-1062729170,1,3701,23
1475796843000,1475796903000,60000,854153670,19908,-1062729170,1,3637,23
1475796843000,1475796903000,60000,854153670,11484,-1062729170,0,3087,17
1475796843000,1475796903000,60000,854153670,57635,-1062729170,1,3637,22
1475796843000,1475796903000,60000,854153670,19826,-1062729170,1,3637,22
1475796843000,1475796903000,60000,854153670,23991,-1062729170,0,3087,17
1475796843000,1475796903000,60000,854153670,34971,-1062729170,0,3191,18
1475796843000,1475796903000,60000,854153670,54057,-1062729170,0,3087,17
1475796843000,1475796903000,60000,854153670,5594,-1062729170,0,3191,18
1475796843000,1475796903000,60000,854153670,12496,-1062729170,0,3191,18
1475796843000,1475796903000,60000,854153670,44881,-1062729170,1,3637,22
1475796843000,1475796903000,60000,854153670,50538,-1062729170,0,3087,17
1475796843000,1475796903000,60000,854153670,54403,-1062729170,1,3701,23
1475796843000,1475796903000,60000,854153670,54057,-1062729170,1,3637,22
1475796843000,1475796903000,60000,854153670,54403,-1062729170,0,3191,18
1475796843000,1475796903000,60000,854153670,5594,-1062729170,1,3701,23
1475796843000,1475796903000,60000,854153670,64399,-1062729170,0,3191,18
1475796843000,1475796903000,60000,854153670,33215,-1062729170,1,3637,22
1475796843000,1475796903000,60000,854153670,23991,-1062729170,1,3637,22
1475796843000,1475796903000,60000,854153670,48978,-1062729170,0,2515,10
1475796843000,1475796903000,60000,854153670,48978,-1062729170,1,2681,11
1475796843000,1475796903000,60000,854153670,57635,-1062729170,0,3087,17
1475796903000,1475796963000,60000,854153670,50647,-1062729170,0,3087,17
1475796903000,1475796963000,60000,854153670,34405,-1062729170,1,3637,22
1475796903000,1475796963000,60000,854153670,48978,-1062729170,0,572,7
1475796903000,1475796963000,60000,854153670,35946,-1062729170,1,3637,22
1475796903000,1475796963000,60000,854153670,35946,-1062729170,0,3087,17
1475796903000,1475796963000,60000,854153670,46963,-1062729170,0,3191,18
1475796903000,1475796963000,60000,854153670,46963,-1062729170,1,3701,23
1475796903000,1475796963000,60000,854153670,34405,-1062729170,0,3087,17
1475796903000,1475796963000,60000,854153670,45099,-1062729170,0,8555,51
1475796903000,1475796963000,60000,854153670,50647,-1062729170,1,3637,22
1475796903000,1475796963000,60000,854153670,48978,-1062729170,1,956,11
1475796903000,1475796963000,60000,854153670,61139,-1062729170,1,3765,24
1475796903000,1475796963000,60000,854153670,61139,-1062729170,0,3295,19
1475796903000,1475796963000,60000,854153670,45099,-1062729170,1,6865,68
