"ts","ts_end","ts_unix","ts_end_unix","ts_delta","srcip_str","srcip","dstip","srcport","ratio","bpf","ppf","dpf"
"2016-10-06 23:05:02","2016-10-06 23:06:02",1475795102000,1475795162000,60000,"50.233.89.198",854153670,-1062729170,21578,162,3573,22,2693
"2016-10-06 23:05:02","2016-10-06 23:06:02",1475795102000,1475795162000,60000,"50.233.89.198",854153670,-1062729170,31949,160,3701,23,2781
"2016-10-06 23:07:03","2016-10-06 23:08:02",1475795223000,1475795282000,59000,"50.233.89.198",854153670,-1062729170,27253,156,3753,24,2793
"2016-10-06 23:07:03","2016-10-06 23:08:02",1475795223000,1475795282000,59000,"50.233.89.198",854153670,-1062729170,7457,165,3637,22,2757
"2016-10-06 23:07:03","2016-10-06 23:08:02",1475795223000,1475795282000,59000,"50.233.89.198",854153670,-1062729170,55764,165,3637,22,2757
"2016-10-06 23:07:03","2016-10-06 23:08:02",1475795223000,1475795282000,59000,"50.233.89.198",854153670,-1062729170,38667,165,3637,22,2757
"2016-10-06 23:08:03","2016-10-06 23:09:02",1475795283000,1475795342000,59000,"50.233.89.198",854153670,-1062729170,19472,165,3637,22,2757
"2016-10-06 23:10:03","2016-10-06 23:11:02",1475795403000,1475795462000,59000,"50.233.89.198",854153670,-1062729170,45350,165,3637,22,2757
"2016-10-06 23:12:03","2016-10-06 23:13:03",1475795523000,1475795583000,60000,"50.233.89.198",854153670,-1062729170,2314,165,3637,22,2757
"2016-10-06 23:13:03","2016-10-06 23:14:03",1475795583000,1475795643000,60000,"50.233.89.198",854153670,-1062729170,46141,160,3701,23,2781
"2016-10-06 23:13:03","2016-10-06 23:14:03",1475795583000,1475795643000,60000,"50.233.89.198",854153670,-1062729170,3856,160,3701,23,2781
"2016-10-06 23:14:03","2016-10-06 23:15:03",1475795643000,1475795703000,60000,"50.233.89.198",854153670,-1062729170,12673,160,3701,23,2781
"2016-10-06 23:14:03","2016-10-06 23:15:03",1475795643000,1475795703000,60000,"50.233.89.198",854153670,-1062729170,46298,165,3637,22,2757
"2016-10-06 23:14:03","2016-10-06 23:15:03",1475795643000,1475795703000,60000,"50.233.89.198",854153670,-1062729170,14165,165,3637,22,2757
"2016-10-06 23:15:03","2016-10-06 23:16:03",1475795703000,1475795763000,60000,"50.233.89.198",854153670,-1062729170,64190,165,3637,22,2757
"2016-10-06 23:15:03","2016-10-06 23:16:03",1475795703000,1475795763000,60000,"50.233.89.198",854153670,-1062729170,35305,165,3637,22,2757
"2016-10-06 23:16:03","2016-10-06 23:18:03",1475795763000,1475795883000,120000,"50.233.89.198",854153670,-1062729170,64408,160,3701,23,2781
"2016-10-06 23:17:03","2016-10-06 23:18:03",1475795823000,1475795883000,60000,"50.233.89.198",854153670,-1062729170,58704,165,3637,22,2757
"2016-10-06 23:17:03","2016-10-06 23:18:03",1475795823000,1475795883000,60000,"50.233.89.198",854153670,-1062729170,52453,165,3637,22,2757
"2016-10-06 23:17:03","2016-10-06 23:18:03",1475795823000,1475795883000,60000,"50.233.89.198",854153670,-1062729170,64825,165,3637,22,2757
"2016-10-06 23:18:03","2016-10-06 23:19:03",1475795883000,1475795943000,60000,"50.233.89.198",854153670,-1062729170,38065,162,3573,22,2693
"2016-10-06 23:18:03","2016-10-06 23:19:03",1475795883000,1475795943000,60000,"50.233.89.198",854153670,-1062729170,11841,165,3637,22,2757
"2016-10-06 23:19:03","2016-10-06 23:20:03",1475795943000,1475796003000,60000,"50.233.89.198",854153670,-1062729170,28024,160,3701,23,2781
"2016-10-06 23:20:03","2016-10-06 23:21:03",1475796003000,1475796063000,60000,"50.233.89.198",854153670,-1062729170,3213,165,3637,22,2757
"2016-10-06 23:21:03","2016-10-06 23:23:03",1475796063000,1475796183000,120000,"50.233.89.198",854153670,-1062729170,40968,165,3637,22,2757
"2016-10-06 23:23:03","2016-10-06 23:24:03",1475796183000,1475796243000,60000,"50.233.89.198",854153670,-1062729170,42778,165,3637,22,2757
"2016-10-06 23:23:03","2016-10-06 23:24:03",1475796183000,1475796243000,60000,"50.233.89.198",854153670,-1062729170,46142,165,3637,22,2757
"2016-10-06 23:23:03","2016-10-06 23:24:03",1475796183000,1475796243000,60000,"50.233.89.198",854153670,-1062729170,16991,162,3573,22,2693
"2016-10-06 23:24:03","2016-10-06 23:25:03",1475796243000,1475796303000,60000,"50.233.89.198",854153670,-1062729170,65124,165,3637,22,2757
"2016-10-06 23:25:03","2016-10-06 23:26:03",1475796303000,1475796363000,60000,"50.233.89.198",854153670,-1062729170,5764,165,3637,22,2757
"2016-10-06 23:26:03","2016-10-06 23:27:03",1475796363000,1475796423000,60000,"50.233.89.198",854153670,-1062729170,3886,160,3701,23,2781
"2016-10-06 23:27:03","2016-10-06 23:28:03",1475796423000,1475796483000,60000,"50.233.89.198",854153670,-1062729170,11245,160,3701,23,2781
"2016-10-06 23:28:03","2016-10-06 23:29:03",1475796483000,1475796543000,60000,"50.233.89.198",854153670,-1062729170,19486,165,3637,22,2757
"2016-10-06 23:28:03","2016-10-06 23:29:03",1475796483000,1475796543000,60000,"50.233.89.198",854153670,-1062729170,52256,165,3637,22,2757
"2016-10-06 23:28:03","2016-10-06 23:29:03",1475796483000,1475796543000,60000,"50.233.89.198",854153670,-1062729170,49519,158,3637,23,2717
"2016-10-06 23:29:03","2016-10-06 23:30:03",1475796543000,1475796603000,60000,"50.233.89.198",854153670,-1062729170,42493,165,3637,22,2757
"2016-10-06 23:30:03","2016-10-06 23:31:03",1475796603000,1475796663000,60000,"50.233.89.198",854153670,-1062729170,55208,165,3637,22,2757
"2016-10-06 23:30:03","2016-10-06 23:31:03",1475796603000,1475796663000,60000,"50.233.89.198",854153670,-1062729170,22686,165,3637,22,2757
"2016-10-06 23:31:03","2016-10-06 23:32:03",1475796663000,1475796723000,60000,"50.233.89.198",854153670,-1062729170,13225,165,3637,22,2757
"2016-10-06 23:31:03","2016-10-06 23:32:03",1475796663000,1475796723000,60000,"50.233.89.198",854153670,-1062729170,34662,160,3701,23,2781
"2016-10-06 23:32:04","2016-10-06 23:33:03",1475796724000,1475796783000,59000,"50.233.89.198",854153670,-1062729170,23503,162,3573,22,2693
"2016-10-06 23:06:02","2016-10-06 23:07:02",1475795162000,1475795222000,60000,"50.233.89.198",854153670,-1062729170,4260,160,3701,23,2781
"2016-10-06 23:06:02","2016-10-06 23:07:02",1475795162000,1475795222000,60000,"50.233.89.198",854153670,-1062729170,15608,165,3637,22,2757
"2016-10-06 23:06:02","2016-10-06 23:07:02",1475795162000,1475795222000,60000,"50.233.89.198",854153670,-1062729170,5056,165,3637,22,2757
"2016-10-06 23:06:02","2016-10-06 23:07:02",1475795162000,1475795222000,60000,"50.233.89.198",854153670,-1062729170,22359,165,3637,22,2757
"2016-10-06 23:07:03","2016-10-06 23:08:02",1475795223000,1475795282000,59000,"50.233.89.198",854153670,-1062729170,10309,160,3701,23,2781
"2016-10-06 23:07:03","2016-10-06 23:08:02",1475795223000,1475795282000,59000,"50.233.89.198",854153670,-1062729170,58325,165,3637,22,2757
"2016-10-06 23:09:03","2016-10-06 23:10:02",1475795343000,1475795402000,59000,"50.233.89.198",854153670,-1062729170,56430,165,3637,22,2757
"2016-10-06 23:10:03","2016-10-06 23:11:02",1475795403000,1475795462000,59000,"50.233.89.198",854153670,-1062729170,62903,165,3637,22,2757
"2016-10-06 23:10:03","2016-10-06 23:11:02",1475795403000,1475795462000,59000,"50.233.89.198",854153670,-1062729170,34704,165,3637,22,2757
"2016-10-06 23:11:03","2016-10-06 23:12:02",1475795463000,1475795522000,59000,"50.233.89.198",854153670,-1062729170,60007,160,3701,23,2781
"2016-10-06 23:13:03","2016-10-06 23:14:03",1475795583000,1475795643000,60000,"50.233.89.198",854153670,-1062729170,38504,165,3637,22,2757
"2016-10-06 23:14:03","2016-10-06 23:15:03",1475795643000,1475795703000,60000,"50.233.89.198",854153670,-1062729170,22215,162,3573,22,2693
"2016-10-06 23:14:03","2016-10-06 23:15:03",1475795643000,1475795703000,60000,"50.233.89.198",854153670,-1062729170,35668,160,3701,23,2781
"2016-10-06 23:16:03","2016-10-06 23:17:03",1475795763000,1475795823000,60000,"50.233.89.198",854153670,-1062729170,8825,165,3637,22,2757
"2016-10-06 23:16:03","2016-10-06 23:17:03",1475795763000,1475795823000,60000,"50.233.89.198",854153670,-1062729170,3826,160,3701,23,2781
"2016-10-06 23:17:03","2016-10-06 23:18:03",1475795823000,1475795883000,60000,"50.233.89.198",854153670,-1062729170,65324,165,3637,22,2757
"2016-10-06 23:17:03","2016-10-06 23:18:03",1475795823000,1475795883000,60000,"50.233.89.198",854153670,-1062729170,6616,165,3637,22,2757
"2016-10-06 23:19:03","2016-10-06 23:20:03",1475795943000,1475796003000,60000,"50.233.89.198",854153670,-1062729170,39274,165,3637,22,2757
"2016-10-06 23:19:03","2016-10-06 23:20:03",1475795943000,1475796003000,60000,"50.233.89.198",854153670,-1062729170,4550,165,3637,22,2757
"2016-10-06 23:20:03","2016-10-06 23:21:03",1475796003000,1475796063000,60000,"50.233.89.198",854153670,-1062729170,58250,160,3701,23,2781
"2016-10-06 23:20:03","2016-10-06 23:21:03",1475796003000,1475796063000,60000,"50.233.89.198",854153670,-1062729170,13305,165,3637,22,2757
"2016-10-06 23:21:03","2016-10-06 23:22:03",1475796063000,1475796123000,60000,"50.233.89.198",854153670,-1062729170,42478,160,3701,23,2781
"2016-10-06 23:21:03","2016-10-06 23:22:03",1475796063000,1475796123000,60000,"50.233.89.198",854153670,-1062729170,4135,160,3701,23,2781
"2016-10-06 23:22:03","2016-10-06 23:23:03",1475796123000,1475796183000,60000,"50.233.89.198",854153670,-1062729170,5888,165,3637,22,2757
"2016-10-06 23:22:03","2016-10-06 23:23:03",1475796123000,1475796183000,60000,"50.233.89.198",854153670,-1062729170,30411,165,3637,22,2757
"2016-10-06 23:25:03","2016-10-06 23:27:03",1475796303000,1475796423000,120000,"50.233.89.198",854153670,-1062729170,32391,162,3573,22,2693
"2016-10-06 23:25:03","2016-10-06 23:26:03",1475796303000,1475796363000,60000,"50.233.89.198",854153670,-1062729170,6715,165,3637,22,2757
"2016-10-06 23:25:03","2016-10-06 23:26:03",1475796303000,1475796363000,60000,"50.233.89.198",854153670,-1062729170,38137,165,3637,22,2757
"2016-10-06 23:27:03","2016-10-06 23:28:03",1475796423000,1475796483000,60000,"50.233.89.198",854153670,-1062729170,48651,165,3637,22,2757
"2016-10-06 23:31:03","2016-10-06 23:32:03",1475796663000,1475796723000,60000,"50.233.89.198",854153670,-1062729170,23101,160,3701,23,2781
"2016-10-06 23:32:04","2016-10-06 23:33:03",1475796724000,1475796783000,59000,"50.233.89.198",854153670,-1062729170,18577,165,3637,22,2757
"2016-10-06 23:32:04","2016-10-06 23:33:03",1475796724000,1475796783000,59000,"50.233.89.198",854153670,-1062729170,50068,160,3701,23,2781
"2016-10-06 23:34:03","2016-10-06 23:36:03",1475796843000,1475796963000,120000,"50.233.89.198",854153670,-1062729170,48978,165,3637,22,2757
"2016-10-06 23:06:02","2016-10-06 23:07:02",1475795162000,1475795222000,60000,"50.233.89.198",854153670,-1062729170,24441,160,3701,23,2781
"2016-10-06 23:07:03","2016-10-06 23:08:02",1475795223000,1475795282000,59000,"50.233.89.198",854153670,-1062729170,5224,160,3701,23,2781
"2016-10-06 23:07:03","2016-10-06 23:08:02",1475795223000,1475795282000,59000,"50.233.89.198",854153670,-1062729170,54917,160,3693,23,2773
"2016-10-06 23:08:03","2016-10-06 23:09:02",1475795283000,1475795342000,59000,"50.233.89.198",854153670,-1062729170,17849,165,3637,22,2757
"2016-10-06 23:09:03","2016-10-06 23:10:02",1475795343000,1475795402000,59000,"50.233.89.198",854153670,-1062729170,38463,160,3701,23,2781
"2016-10-06 23:10:03","2016-10-06 23:11:02",1475795403000,1475795462000,59000,"50.233.89.198",854153670,-1062729170,32878,165,3637,22,2757
"2016-10-06 23:11:03","2016-10-06 23:12:02",1475795463000,1475795522000,59000,"50.233.89.198",854153670,-1062729170,16164,165,3637,22,2757
"2016-10-06 23:11:03","2016-10-06 23:12:02",1475795463000,1475795522000,59000,"50.233.89.198",854153670,-1062729170,50243,165,3637,22,2757
"2016-10-06 23:12:03","2016-10-06 23:13:03",1475795523000,1475795583000,60000,"50.233.89.198",854153670,-1062729170,11417,165,3637,22,2757
"2016-10-06 23:13:03","2016-10-06 23:14:03",1475795583000,1475795643000,60000,"50.233.89.198",854153670,-1062729170,34816,165,3637,22,2757
"2016-10-06 23:14:03","2016-10-06 23:15:03",1475795643000,1475795703000,60000,"50.233.89.198",854153670,-1062729170,10140,165,3637,22,2757
"2016-10-06 23:15:03","2016-10-06 23:17:03",1475795703000,1475795823000,120000,"50.233.89.198",854153670,-1062729170,41587,165,3637,22,2757
"2016-10-06 23:15:03","2016-10-06 23:16:03",1475795703000,1475795763000,60000,"50.233.89.198",854153670,-1062729170,42710,165,3637,22,2757
"2016-10-06 23:16:03","2016-10-06 23:17:03",1475795763000,1475795823000,60000,"50.233.89.198",854153670,-1062729170,30634,165,3637,22,2757
"2016-10-06 23:17:03","2016-10-06 23:18:03",1475795823000,1475795883000,60000,"50.233.89.198",854153670,-1062729170,24429,165,3637,22,2757
"2016-10-06 23:18:03","2016-10-06 23:19:03",1475795883000,1475795943000,60000,"50.233.89.198",854153670,-1062729170,2175,160,3701,23,2781
"2016-10-06 23:18:03","2016-10-06 23:19:03",1475795883000,1475795943000,60000,"50.233.89.198",854153670,-1062729170,38714,165,3637,22,2757
"2016-10-06 23:19:03","2016-10-06 23:20:03",1475795943000,1475796003000,60000,"50.233.89.198",854153670,-1062729170,50860,165,3637,22,2757
"2016-10-06 23:19:03","2016-10-06 23:20:03",1475795943000,1475796003000,60000,"50.233.89.198",854153670,-1062729170,23389,160,3689,23,2769
"2016-10-06 23:21:03","2016-10-06 23:22:03",1475796063000,1475796123000,60000,"50.233.89.198",854153670,-1062729170,30244,165,3637,22,2757
"2016-10-06 23:22:03","2016-10-06 23:23:03",1475796123000,1475796183000,60000,"50.233.89.198",854153670,-1062729170,16527,165,3637,22,2757
"2016-10-06 23:23:03","2016-10-06 23:24:03",1475796183000,1475796243000,60000,"50.233.89.198",854153670,-1062729170,62836,158,3637,23,2717
"2016-10-06 23:24:03","2016-10-06 23:25:03",1475796243000,1475796303000,60000,"50.233.89.198",854153670,-1062729170,60783,162,3573,22,2693
"2016-10-06 23:24:03","2016-10-06 23:25:03",1475796243000,1475796303000,60000,"50.233.89.198",854153670,-1062729170,1941,165,3637,22,2757
"2016-10-06 23:26:03","2016-10-06 23:27:03",1475796363000,1475796423000,60000,"50.233.89.198",854153670,-1062729170,37012,165,3637,22,2757
"2016-10-06 23:26:03","2016-10-06 23:28:03",1475796363000,1475796483000,120000,"50.233.89.198",854153670,-1062729170,46113,165,3637,22,2757
"2016-10-06 23:28:03","2016-10-06 23:29:03",1475796483000,1475796543000,60000,"50.233.89.198",854153670,-1062729170,17348,165,3637,22,2757
"2016-10-06 23:28:03","2016-10-06 23:29:03",1475796483000,1475796543000,60000,"50.233.89.198",854153670,-1062729170,59006,165,3637,22,2757
"2016-10-06 23:29:03","2016-10-06 23:30:03",1475796543000,1475796603000,60000,"50.233.89.198",854153670,-1062729170,12037,160,3701,23,2781
"2016-10-06 23:31:03","2016-10-06 23:32:03",1475796663000,1475796723000,60000,"50.233.89.198",854153670,-1062729170,20930,160,3701,23,2781
"2016-10-06 23:32:04","2016-10-06 23:33:03",1475796724000,1475796783000,59000,"50.233.89.198",854153670,-1062729170,49351,160,3701,23,2781
"2016-10-06 23:32:04","2016-10-06 23:33:03",1475796724000,1475796783000,59000,"50.233.89.198",854153670,-1062729170,46604,158,3637,23,2717
"2016-10-06 23:32:04","2016-10-06 23:33:03",1475796724000,1475796783000,59000,"50.233.89.198",854153670,-1062729170,23705,158,3637,23,2717
"2016-10-06 23:33:04","2016-10-06 23:34:03",1475796784000,1475796843000,59000,"50.233.89.198",854153670,-1062729170,36930,160,3701,23,2781
"2016-10-06 23:34:03","2016-10-06 23:35:03",1475796843000,1475796903000,60000,"50.233.89.198",854153670,-1062729170,34971,160,3701,23,2781
"2016-10-06 23:34:03","2016-10-06 23:35:03",1475796843000,1475796903000,60000,"50.233.89.198",854153670,-1062729170,19908,158,3637,23,2717
"2016-10-06 23:34:03","2016-10-06 23:35:03",1475796843000,1475796903000,60000,"50.233.89.198",854153670,-1062729170,57635,165,3637,22,2757
"2016-10-06 23:35:03","2016-10-06 23:36:03",1475796903000,1475796963000,60000,"50.233.89.198",854153670,-1062729170,46963,160,3701,23,2781
"2016-10-06 23:06:02","2016-10-06 23:07:02",1475795162000,1475795222000,60000,"50.233.89.198",854153670,-1062729170,43767,160,3701,23,2781
"2016-10-06 23:06:02","2016-10-06 23:07:02",1475795162000,1475795222000,60000,"50.233.89.198",854153670,-1062729170,40477,165,3637,22,2757
"2016-10-06 23:09:03","2016-10-06 23:10:02",1475795343000,1475795402000,59000,"50.233.89.198",854153670,-1062729170,62210,164,3613,22,2733
"2016-10-06 23:11:03","2016-10-06 23:12:02",1475795463000,1475795522000,59000,"50.233.89.198",854153670,-1062729170,16165,165,3637,22,2757
"2016-10-06 23:10:03","2016-10-06 23:12:02",1475795403000,1475795522000,119000,"50.233.89.198",854153670,-1062729170,61204,160,3701,23,2781
"2016-10-06 23:12:03","2016-10-06 23:14:03",1475795523000,1475795643000,120000,"50.233.89.198",854153670,-1062729170,25219,162,3573,22,2693
"2016-10-06 23:14:03","2016-10-06 23:15:03",1475795643000,1475795703000,60000,"50.233.89.198",854153670,-1062729170,39500,162,3573,22,2693
"2016-10-06 23:14:03","2016-10-06 23:15:03",1475795643000,1475795703000,60000,"50.233.89.198",854153670,-1062729170,11305,165,3637,22,2757
"2016-10-06 23:15:03","2016-10-06 23:16:03",1475795703000,1475795763000,60000,"50.233.89.198",854153670,-1062729170,31922,165,3637,22,2757
"2016-10-06 23:15:03","2016-10-06 23:16:03",1475795703000,1475795763000,60000,"50.233.89.198",854153670,-1062729170,15800,165,3637,22,2757
"2016-10-06 23:15:03","2016-10-06 23:16:03",1475795703000,1475795763000,60000,"50.233.89.198",854153670,-1062729170,14276,165,3637,22,2757
"2016-10-06 23:15:03","2016-10-06 23:16:03",1475795703000,1475795763000,60000,"50.233.89.198",854153670,-1062729170,14783,160,3701,23,2781
"2016-10-06 23:16:03","2016-10-06 23:17:03",1475795763000,1475795823000,60000,"50.233.89.198",854153670,-1062729170,48062,160,3701,23,2781
"2016-10-06 23:17:03","2016-10-06 23:18:03",1475795823000,1475795883000,60000,"50.233.89.198",854153670,-1062729170,33379,165,3637,22,2757
"2016-10-06 23:18:03","2016-10-06 23:19:03",1475795883000,1475795943000,60000,"50.233.89.198",854153670,-1062729170,32194,165,3637,22,2757
"2016-10-06 23:18:03","2016-10-06 23:19:03",1475795883000,1475795943000,60000,"50.233.89.198",854153670,-1062729170,60882,165,3637,22,2757
"2016-10-06 23:19:03","2016-10-06 23:20:03",1475795943000,1475796003000,60000,"50.233.89.198",854153670,-1062729170,7709,165,3637,22,2757
"2016-10-06 23:19:03","2016-10-06 23:20:03",1475795943000,1475796003000,60000,"50.233.89.198",854153670,-1062729170,57508,156,3765,24,2805
"2016-10-06 23:21:03","2016-10-06 23:22:03",1475796063000,1475796123000,60000,"50.233.89.198",854153670,-1062729170,38236,160,3701,23,2781
"2016-10-06 23:22:03","2016-10-06 23:23:03",1475796123000,1475796183000,60000,"50.233.89.198",854153670,-1062729170,30922,165,3637,22,2757
"2016-10-06 23:23:03","2016-10-06 23:24:03",1475796183000,1475796243000,60000,"50.233.89.198",854153670,-1062729170,44576,162,3573,22,2693
"2016-10-06 23:24:03","2016-10-06 23:25:03",1475796243000,1475796303000,60000,"50.233.89.198",854153670,-1062729170,30013,165,3637,22,2757
"2016-10-06 23:25:03","2016-10-06 23:26:03",1475796303000,1475796363000,60000,"50.233.89.198",854153670,-1062729170,25716,156,3765,24,2805
"2016-10-06 23:25:03","2016-10-06 23:26:03",1475796303000,1475796363000,60000,"50.233.89.198",854153670,-1062729170,16985,160,3701,23,2781
"2016-10-06 23:26:03","2016-10-06 23:27:03",1475796363000,1475796423000,60000,"50.233.89.198",854153670,-1062729170,34853,156,3765,24,2805
"2016-10-06 23:27:03","2016-10-06 23:28:03",1475796423000,1475796483000,60000,"50.233.89.198",854153670,-1062729170,11069,160,3701,23,2781
"2016-10-06 23:28:03","2016-10-06 23:29:03",1475796483000,1475796543000,60000,"50.233.89.198",854153670,-1062729170,39670,165,3637,22,2757
"2016-10-06 23:31:03","2016-10-06 23:32:03",1475796663000,1475796723000,60000,"50.233.89.198",854153670,-1062729170,64710,165,3637,22,2757
"2016-10-06 23:33:04","2016-10-06 23:34:03",1475796784000,1475796843000,59000,"50.233.89.198",854153670,-1062729170,48719,160,3701,23,2781
"2016-10-06 23:33:04","2016-10-06 23:34:03",1475796784000,1475796843000,59000,"50.233.89.198",854153670,-1062729170,9257,160,3701,23,2781
"2016-10-06 23:33:04","2016-10-06 23:34:03",1475796784000,1475796843000,59000,"50.233.89.198",854153670,-1062729170,63166,165,3637,22,2757
"2016-10-06 23:05:02","2016-10-06 23:06:02",1475795102000,1475795162000,60000,"50.233.89.198",854153670,-1062729170,37901,160,3701,23,2781
"2016-10-06 23:06:02","2016-10-06 23:07:02",1475795162000,1475795222000,60000,"50.233.89.198",854153670,-1062729170,50842,165,3637,22,2757
"2016-10-06 23:09:03","2016-10-06 23:10:02",1475795343000,1475795402000,59000,"50.233.89.198",854153670,-1062729170,30278,165,3637,22,2757
"2016-10-06 23:10:03","2016-10-06 23:11:02",1475795403000,1475795462000,59000,"50.233.89.198",854153670,-1062729170,21921,165,3637,22,2757
"2016-10-06 23:11:03","2016-10-06 23:12:02",1475795463000,1475795522000,59000,"50.233.89.198",854153670,-1062729170,31047,165,3637,22,2757
"2016-10-06 23:05:02","2016-10-06 23:06:02",1475795102000,1475795162000,60000,"50.233.89.198",854153670,-1062729170,27339,160,3701,23,2781
"2016-10-06 23:05:02","2016-10-06 23:06:02",1475795102000,1475795162000,60000,"50.233.89.198",854153670,-1062729170,22997,160,3701,23,2781
"2016-10-06 23:05:02","2016-10-06 23:06:02",1475795102000,1475795162000,60000,"50.233.89.198",854153670,-1062729170,15767,165,3637,22,2757
"2016-10-06 23:07:03","2016-10-06 23:08:02",1475795223000,1475795282000,59000,"50.233.89.198",854153670,-1062729170,62801,165,3637,22,2757
"2016-10-06 23:07:03","2016-10-06 23:08:02",1475795223000,1475795282000,59000,"50.233.89.198",854153670,-1062729170,18489,162,3573,22,2693
"2016-10-06 23:08:03","2016-10-06 23:09:02",1475795283000,1475795342000,59000,"50.233.89.198",854153670,-1062729170,1500,160,3701,23,2781
"2016-10-06 23:08:03","2016-10-06 23:09:02",1475795283000,1475795342000,59000,"50.233.89.198",854153670,-1062729170,6871,165,3637,22,2757
"2016-10-06 23:10:03","2016-10-06 23:11:02",1475795403000,1475795462000,59000,"50.233.89.198",854153670,-1062729170,47013,165,3637,22,2757
"2016-10-06 23:11:03","2016-10-06 23:12:02",1475795463000,1475795522000,59000,"50.233.89.198",854153670,-1062729170,19914,165,3637,22,2757
"2016-10-06 23:11:03","2016-10-06 23:12:02",1475795463000,1475795522000,59000,"50.233.89.198",854153670,-1062729170,5085,165,3637,22,2757
"2016-10-06 23:13:03","2016-10-06 23:14:03",1475795583000,1475795643000,60000,"50.233.89.198",854153670,-1062729170,20593,165,3637,22,2757
"2016-10-06 23:13:03","2016-10-06 23:14:03",1475795583000,1475795643000,60000,"50.233.89.198",854153670,-1062729170,38442,165,3637,22,2757
"2016-10-06 23:13:03","2016-10-06 23:14:03",1475795583000,1475795643000,60000,"50.233.89.198",854153670,-1062729170,40703,165,3637,22,2757
"2016-10-06 23:14:03","2016-10-06 23:15:03",1475795643000,1475795703000,60000,"50.233.89.198",854153670,-1062729170,10116,165,3637,22,2757
"2016-10-06 23:15:03","2016-10-06 23:16:03",1475795703000,1475795763000,60000,"50.233.89.198",854153670,-1062729170,3002,165,3637,22,2757
"2016-10-06 23:15:03","2016-10-06 23:16:03",1475795703000,1475795763000,60000,"50.233.89.198",854153670,-1062729170,59021,160,3701,23,2781
"2016-10-06 23:18:03","2016-10-06 23:19:03",1475795883000,1475795943000,60000,"50.233.89.198",854153670,-1062729170,34362,160,3701,23,2781
"2016-10-06 23:20:03","2016-10-06 23:21:03",1475796003000,1475796063000,60000,"50.233.89.198",854153670,-1062729170,25651,162,3573,22,2693
"2016-10-06 23:21:03","2016-10-06 23:22:03",1475796063000,1475796123000,60000,"50.233.89.198",854153670,-1062729170,2723,165,3637,22,2757
"2016-10-06 23:21:03","2016-10-06 23:22:03",1475796063000,1475796123000,60000,"50.233.89.198",854153670,-1062729170,8182,160,3701,23,2781
"2016-10-06 23:22:03","2016-10-06 23:23:03",1475796123000,1475796183000,60000,"50.233.89.198",854153670,-1062729170,34119,165,3637,22,2757
"2016-10-06 23:22:03","2016-10-06 23:23:03",1475796123000,1475796183000,60000,"50.233.89.198",854153670,-1062729170,31853,160,3701,23,2781
"2016-10-06 23:23:03","2016-10-06 23:24:03",1475796183000,1475796243000,60000,"50.233.89.198",854153670,-1062729170,29308,165,3637,22,2757
"2016-10-06 23:26:03","2016-10-06 23:27:03",1475796363000,1475796423000,60000,"50.233.89.198",854153670,-1062729170,7689,160,3701,23,2781
"2016-10-06 23:27:03","2016-10-06 23:28:03",1475796423000,1475796483000,60000,"50.233.89.198",854153670,-1062729170,46129,160,3689,23,2769
"2016-10-06 23:29:03","2016-10-06 23:30:03",1475796543000,1475796603000,60000,"50.233.89.198",854153670,-1062729170,48547,160,3701,23,2781
"2016-10-06 23:30:03","2016-10-06 23:31:03",1475796603000,1475796663000,60000,"50.233.89.198",854153670,-1062729170,61627,162,3573,22,2693
"2016-10-06 23:30:03","2016-10-06 23:31:03",1475796603000,1475796663000,60000,"50.233.89.198",854153670,-1062729170,42342,160,3701,23,2781
"2016-10-06 23:31:03","2016-10-06 23:33:03",1475796663000,1475796783000,120000,"50.233.89.198",854153670,-1062729170,40791,165,3637,22,2757
"2016-10-06 23:33:04","2016-10-06 23:34:03",1475796784000,1475796843000,59000,"50.233.89.198",854153670,-1062729170,62583,165,3637,22,2757
"2016-10-06 23:33:04","2016-10-06 23:34:03",1475796784000,1475796843000,59000,"50.233.89.198",854153670,-1062729170,2778,165,3637,22,2757
"2016-10-06 23:34:03","2016-10-06 23:35:03",1475796843000,1475796903000,60000,"50.233.89.198",854153670,-1062729170,44881,165,3637,22,2757
"2016-10-06 23:34:03","2016-10-06 23:35:03",1475796843000,1475796903000,60000,"50.233.89.198",854153670,-1062729170,54403,160,3701,23,2781
"2016-10-06 23:35:03","2016-10-06 23:36:03",1475796903000,1475796963000,60000,"50.233.89.198",854153670,-1062729170,50647,165,3637,22,2757
"2016-10-06 23:05:02","2016-10-06 23:06:02",1475795102000,1475795162000,60000,"50.233.89.198",854153670,-1062729170,54625,165,3637,22,2757
"2016-10-06 23:06:02","2016-10-06 23:08:02",1475795162000,1475795282000,120000,"50.233.89.198",854153670,-1062729170,44310,164,3613,22,2733
"2016-10-06 23:06:02","2016-10-06 23:07:02",1475795162000,1475795222000,60000,"50.233.89.198",854153670,-1062729170,25310,162,3573,22,2693
"2016-10-06 23:07:03","2016-10-06 23:08:02",1475795223000,1475795282000,59000,"50.233.89.198",854153670,-1062729170,3294,165,3637,22,2757
"2016-10-06 23:08:03","2016-10-06 23:09:02",1475795283000,1475795342000,59000,"50.233.89.198",854153670,-1062729170,21707,158,3637,23,2717
"2016-10-06 23:09:03","2016-10-06 23:10:02",1475795343000,1475795402000,59000,"50.233.89.198",854153670,-1062729170,27172,165,3637,22,2757
"2016-10-06 23:12:03","2016-10-06 23:13:03",1475795523000,1475795583000,60000,"50.233.89.198",854153670,-1062729170,38039,165,3637,22,2757
"2016-10-06 23:12:03","2016-10-06 23:13:03",1475795523000,1475795583000,60000,"50.233.89.198",854153670,-1062729170,38840,166,3653,22,2773
"2016-10-06 23:12:03","2016-10-06 23:13:03",1475795523000,1475795583000,60000,"50.233.89.198",854153670,-1062729170,51932,165,3637,22,2757
"2016-10-06 23:12:03","2016-10-06 23:13:03",1475795523000,1475795583000,60000,"50.233.89.198",854153670,-1062729170,2164,165,3637,22,2757
"2016-10-06 23:14:03","2016-10-06 23:15:03",1475795643000,1475795703000,60000,"50.233.89.198",854153670,-1062729170,48516,230,5064,22,4184
"2016-10-06 23:16:03","2016-10-06 23:17:03",1475795763000,1475795823000,60000,"50.233.89.198",854153670,-1062729170,62572,165,3637,22,2757
"2016-10-06 23:17:03","2016-10-06 23:18:03",1475795823000,1475795883000,60000,"50.233.89.198",854153670,-1062729170,36670,158,3637,23,2717
"2016-10-06 23:18:03","2016-10-06 23:19:03",1475795883000,1475795943000,60000,"50.233.89.198",854153670,-1062729170,1037,160,3701,23,2781
"2016-10-06 23:18:03","2016-10-06 23:19:03",1475795883000,1475795943000,60000,"50.233.89.198",854153670,-1062729170,15786,160,3701,23,2781
"2016-10-06 23:19:03","2016-10-06 23:21:03",1475795943000,1475796063000,120000,"50.233.89.198",854153670,-1062729170,55617,162,3573,22,2693
"2016-10-06 23:20:03","2016-10-06 23:21:03",1475796003000,1475796063000,60000,"50.233.89.198",854153670,-1062729170,40926,160,3701,23,2781
"2016-10-06 23:21:03","2016-10-06 23:22:03",1475796063000,1475796123000,60000,"50.233.89.198",854153670,-1062729170,52020,162,3573,22,2693
"2016-10-06 23:22:03","2016-10-06 23:23:03",1475796123000,1475796183000,60000,"50.233.89.198",854153670,-1062729170,60388,160,3701,23,2781
"2016-10-06 23:22:03","2016-10-06 23:23:03",1475796123000,1475796183000,60000,"50.233.89.198",854153670,-1062729170,3411,162,3573,22,2693
"2016-10-06 23:23:03","2016-10-06 23:24:03",1475796183000,1475796243000,60000,"50.233.89.198",854153670,-1062729170,41570,162,3573,22,2693
"2016-10-06 23:23:03","2016-10-06 23:24:03",1475796183000,1475796243000,60000,"50.233.89.198",854153670,-1062729170,53375,160,3701,23,2781
"2016-10-06 23:24:03","2016-10-06 23:25:03",1475796243000,1475796303000,60000,"50.233.89.198",854153670,-1062729170,12420,165,3637,22,2757
"2016-10-06 23:24:03","2016-10-06 23:25:03",1475796243000,1475796303000,60000,"50.233.89.198",854153670,-1062729170,42520,162,3573,22,2693
"2016-10-06 23:26:03","2016-10-06 23:27:03",1475796363000,1475796423000,60000,"50.233.89.198",854153670,-1062729170,46912,165,3637,22,2757
"2016-10-06 23:27:03","2016-10-06 23:28:03",1475796423000,1475796483000,60000,"50.233.89.198",854153670,-1062729170,57770,165,3637,22,2757
"2016-10-06 23:27:03","2016-10-06 23:28:03",1475796423000,1475796483000,60000,"50.233.89.198",854153670,-1062729170,33979,158,3637,23,2717
"2016-10-06 23:28:03","2016-10-06 23:30:03",1475796483000,1475796603000,120000,"50.233.89.198",854153670,-1062729170,45356,165,3637,22,2757
"2016-10-06 23:30:03","2016-10-06 23:31:03",1475796603000,1475796663000,60000,"50.233.89.198",854153670,-1062729170,24492,164,3613,22,2733
"2016-10-06 23:31:03","2016-10-06 23:32:03",1475796663000,1475796723000,60000,"50.233.89.198",854153670,-1062729170,40128,165,3637,22,2757
"2016-10-06 23:32:04","2016-10-06 23:33:03",1475796724000,1475796783000,59000,"50.233.89.198",854153670,-1062729170,22492,158,3637,23,2717
"2016-10-06 23:32:04","2016-10-06 23:33:03",1475796724000,1475796783000,59000,"50.233.89.198",854153670,-1062729170,28649,162,3573,22,2693
"2016-10-06 23:33:04","2016-10-06 23:34:03",1475796784000,1475796843000,59000,"50.233.89.198",854153670,-1062729170,6483,165,3637,22,2757
"2016-10-06 23:34:03","2016-10-06 23:35:03",1475796843000,1475796903000,60000,"50.233.89.198",854153670,-1062729170,11484,165,3637,22,2757
"2016-10-06 23:34:03","2016-10-06 23:35:03",1475796843000,1475796903000,60000,"50.233.89.198",854153670,-1062729170,58627,162,3573,22,2693
"2016-10-06 23:11:03","2016-10-06 23:12:02",1475795463000,1475795522000,59000,"50.233.89.198",854153670,-1062729170,62016,165,3637,22,2757
"2016-10-06 23:12:03","2016-10-06 23:13:03",1475795523000,1475795583000,60000,"50.233.89.198",854153670,-1062729170,43778,165,3637,22,2757
"2016-10-06 23:13:03","2016-10-06 23:14:03",1475795583000,1475795643000,60000,"50.233.89.198",854153670,-1062729170,62676,160,3701,23,2781
"2016-10-06 23:14:03","2016-10-06 23:16:03",1475795643000,1475795763000,120000,"50.233.89.198",854153670,-1062729170,53354,165,3637,22,2757
"2016-10-06 23:16:03","2016-10-06 23:17:03",1475795763000,1475795823000,60000,"50.233.89.198",854153670,-1062729170,58457,165,3637,22,2757
"2016-10-06 23:16:03","2016-10-06 23:17:03",1475795763000,1475795823000,60000,"50.233.89.198",854153670,-1062729170,12841,165,3637,22,2757
"2016-10-06 23:17:03","2016-10-06 23:18:03",1475795823000,1475795883000,60000,"50.233.89.198",854153670,-1062729170,12644,165,3637,22,2757
"2016-10-06 23:17:03","2016-10-06 23:18:03",1475795823000,1475795883000,60000,"50.233.89.198",854153670,-1062729170,36125,165,3637,22,2757
"2016-10-06 23:17:03","2016-10-06 23:18:03",1475795823000,1475795883000,60000,"50.233.89.198",854153670,-1062729170,15584,160,3701,23,2781
"2016-10-06 23:17:03","2016-10-06 23:18:03",1475795823000,1475795883000,60000,"50.233.89.198",854153670,-1062729170,56752,160,3701,23,2781
"2016-10-06 23:17:03","2016-10-06 23:18:03",1475795823000,1475795883000,60000,"50.233.89.198",854153670,-1062729170,37714,165,3637,22,2757
"2016-10-06 23:17:03","2016-10-06 23:19:03",1475795823000,1475795943000,120000,"50.233.89.198",854153670,-1062729170,34412,165,3637,22,2757
"2016-10-06 23:20:03","2016-10-06 23:21:03",1475796003000,1475796063000,60000,"50.233.89.198",854153670,-1062729170,27119,160,3701,23,2781
"2016-10-06 23:20:03","2016-10-06 23:21:03",1475796003000,1475796063000,60000,"50.233.89.198",854153670,-1062729170,57096,158,3637,23,2717
"2016-10-06 23:24:03","2016-10-06 23:25:03",1475796243000,1475796303000,60000,"50.233.89.198",854153670,-1062729170,29360,162,3573,22,2693
"2016-10-06 23:24:03","2016-10-06 23:26:03",1475796243000,1475796363000,120000,"50.233.89.198",854153670,-1062729170,43157,165,3637,22,2757
"2016-10-06 23:25:03","2016-10-06 23:26:03",1475796303000,1475796363000,60000,"50.233.89.198",854153670,-1062729170,44737,165,3637,22,2757
"2016-10-06 23:26:03","2016-10-06 23:27:03",1475796363000,1475796423000,60000,"50.233.89.198",854153670,-1062729170,38832,165,3637,22,2757
"2016-10-06 23:27:03","2016-10-06 23:28:03",1475796423000,1475796483000,60000,"50.233.89.198",854153670,-1062729170,7241,156,3765,24,2805
"2016-10-06 23:28:03","2016-10-06 23:29:03",1475796483000,1475796543000,60000,"50.233.89.198",854153670,-1062729170,59970,162,3573,22,2693
"2016-10-06 23:28:03","2016-10-06 23:29:03",1475796483000,1475796543000,60000,"50.233.89.198",854153670,-1062729170,41991,165,3637,22,2757
"2016-10-06 23:29:03","2016-10-06 23:30:03",1475796543000,1475796603000,60000,"50.233.89.198",854153670,-1062729170,50594,160,3701,23,2781
"2016-10-06 23:29:03","2016-10-06 23:30:03",1475796543000,1475796603000,60000,"50.233.89.198",854153670,-1062729170,15081,165,3637,22,2757
"2016-10-06 23:30:03","2016-10-06 23:31:03",1475796603000,1475796663000,60000,"50.233.89.198",854153670,-1062729170,62322,160,3701,23,2781
"2016-10-06 23:30:03","2016-10-06 23:31:03",1475796603000,1475796663000,60000,"50.233.89.198",854153670,-1062729170,46564,165,3637,22,2757
"2016-10-06 23:30:03","2016-10-06 23:31:03",1475796603000,1475796663000,60000,"50.233.89.198",854153670,-1062729170,15184,165,3637,22,2757
"2016-10-06 23:31:03","2016-10-06 23:32:03",1475796663000,1475796723000,60000,"50.233.89.198",854153670,-1062729170,53175,165,3637,22,2757
"2016-10-06 23:32:04","2016-10-06 23:33:03",1475796724000,1475796783000,59000,"50.233.89.198",854153670,-1062729170,14181,165,3637,22,2757
"2016-10-06 23:06:02","2016-10-06 23:07:02",1475795162000,1475795222000,60000,"50.233.89.198",854153670,-1062729170,58553,165,3637,22,2757
"2016-10-06 23:06:02","2016-10-06 23:07:02",1475795162000,1475795222000,60000,"50.233.89.198",854153670,-1062729170,36606,165,3637,22,2757
"2016-10-06 23:07:03","2016-10-06 23:08:02",1475795223000,1475795282000,59000,"50.233.89.198",854153670,-1062729170,39120,160,3701,23,2781
"2016-10-06 23:08:03","2016-10-06 23:09:02",1475795283000,1475795342000,59000,"50.233.89.198",854153670,-1062729170,30990,165,3637,22,2757
"2016-10-06 23:08:03","2016-10-06 23:09:02",1475795283000,1475795342000,59000,"50.233.89.198",854153670,-1062729170,9459,165,3637,22,2757
"2016-10-06 23:09:03","2016-10-06 23:10:02",1475795343000,1475795402000,59000,"50.233.89.198",854153670,-1062729170,38500,160,3701,23,2781
"2016-10-06 23:10:03","2016-10-06 23:11:02",1475795403000,1475795462000,59000,"50.233.89.198",854153670,-1062729170,35123,160,3701,23,2781
"2016-10-06 23:10:03","2016-10-06 23:11:02",1475795403000,1475795462000,59000,"50.233.89.198",854153670,-1062729170,1430,165,3637,22,2757
"2016-10-06 23:11:03","2016-10-06 23:12:02",1475795463000,1475795522000,59000,"50.233.89.198",854153670,-1062729170,37574,165,3637,22,2757
"2016-10-06 23:13:03","2016-10-06 23:14:03",1475795583000,1475795643000,60000,"50.233.89.198",854153670,-1062729170,34625,160,3701,23,2781
"2016-10-06 23:14:03","2016-10-06 23:15:03",1475795643000,1475795703000,60000,"50.233.89.198",854153670,-1062729170,3066,160,3701,23,2781
"2016-10-06 23:15:03","2016-10-06 23:16:03",1475795703000,1475795763000,60000,"50.233.89.198",854153670,-1062729170,22348,165,3637,22,2757
"2016-10-06 23:15:03","2016-10-06 23:16:03",1475795703000,1475795763000,60000,"50.233.89.198",854153670,-1062729170,11992,165,3637,22,2757
"2016-10-06 23:15:03","2016-10-06 23:16:03",1475795703000,1475795763000,60000,"50.233.89.198",854153670,-1062729170,1721,160,3701,23,2781
"2016-10-06 23:16:03","2016-10-06 23:17:03",1475795763000,1475795823000,60000,"50.233.89.198",854153670,-1062729170,63902,165,3637,22,2757
"2016-10-06 23:17:03","2016-10-06 23:18:03",1475795823000,1475795883000,60000,"50.233.89.198",854153670,-1062729170,13250,165,3637,22,2757
"2016-10-06 23:17:03","2016-10-06 23:18:03",1475795823000,1475795883000,60000,"50.233.89.198",854153670,-1062729170,40385,160,3701,23,2781
"2016-10-06 23:18:03","2016-10-06 23:20:03",1475795883000,1475796003000,120000,"50.233.89.198",854153670,-1062729170,17195,148,4002,27,2922
"2016-10-06 23:18:03","2016-10-06 23:19:03",1475795883000,1475795943000,60000,"50.233.89.198",854153670,-1062729170,34276,165,3637,22,2757
"2016-10-06 23:21:03","2016-10-06 23:22:03",1475796063000,1475796123000,60000,"50.233.89.198",854153670,-1062729170,31663,165,3637,22,2757
"2016-10-06 23:22:03","2016-10-06 23:23:03",1475796123000,1475796183000,60000,"50.233.89.198",854153670,-1062729170,20477,165,3637,22,2757
"2016-10-06 23:23:03","2016-10-06 23:24:03",1475796183000,1475796243000,60000,"50.233.89.198",854153670,-1062729170,4876,165,3637,22,2757
"2016-10-06 23:23:03","2016-10-06 23:24:03",1475796183000,1475796243000,60000,"50.233.89.198",854153670,-1062729170,30153,165,3637,22,2757
"2016-10-06 23:25:03","2016-10-06 23:26:03",1475796303000,1475796363000,60000,"50.233.89.198",854153670,-1062729170,31569,165,3637,22,2757
"2016-10-06 23:26:03","2016-10-06 23:27:03",1475796363000,1475796423000,60000,"50.233.89.198",854153670,-1062729170,12965,165,3637,22,2757
"2016-10-06 23:27:03","2016-10-06 23:28:03",1475796423000,1475796483000,60000,"50.233.89.198",854153670,-1062729170,31198,165,3637,22,2757
"2016-10-06 23:28:03","2016-10-06 23:29:03",1475796483000,1475796543000,60000,"50.233.89.198",854153670,-1062729170,44620,162,3573,22,2693
"2016-10-06 23:28:03","2016-10-06 23:29:03",1475796483000,1475796543000,60000,"50.233.89.198",854153670,-1062729170,43256,160,3701,23,2781
"2016-10-06 23:28:03","2016-10-06 23:29:03",1475796483000,1475796543000,60000,"50.233.89.198",854153670,-1062729170,29087,165,3637,22,2757
"2016-10-06 23:28:03","2016-10-06 23:29:03",1475796483000,1475796543000,60000,"50.233.89.198",854153670,-1062729170,12089,165,3637,22,2757
"2016-10-06 23:29:03","2016-10-06 23:30:03",1475796543000,1475796603000,60000,"50.233.89.198",854153670,-1062729170,42932,165,3637,22,2757
"2016-10-06 23:29:03","2016-10-06 23:30:03",1475796543000,1475796603000,60000,"50.233.89.198",854153670,-1062729170,52829,165,3637,22,2757
"2016-10-06 23:30:03","2016-10-06 23:31:03",1475796603000,1475796663000,60000,"50.233.89.198",854153670,-1062729170,49544,165,3637,22,2757
"2016-10-06 23:30:03","2016-10-06 23:31:03",1475796603000,1475796663000,60000,"50.233.89.198",854153670,-1062729170,43508,165,3637,22,2757
"2016-10-06 23:32:04","2016-10-06 23:33:03",1475796724000,1475796783000,59000,"50.233.89.198",854153670,-1062729170,1301,165,3637,22,2757
"2016-10-06 23:32:04","2016-10-06 23:33:03",1475796724000,1475796783000,59000,"50.233.89.198",854153670,-1062729170,20380,162,3573,22,2693
"2016-10-06 23:32:04","2016-10-06 23:33:03",1475796724000,1475796783000,59000,"50.233.89.198",854153670,-1062729170,18917,165,3637,22,2757
"2016-10-06 23:33:04","2016-10-06 23:34:03",1475796784000,1475796843000,59000,"50.233.89.198",854153670,-1062729170,20607,165,3637,22,2757
"2016-10-06 23:34:03","2016-10-06 23:35:03",1475796843000,1475796903000,60000,"50.233.89.198",854153670,-1062729170,64399,160,3701,23,2781
"2016-10-06 23:35:03","2016-10-06 23:36:03",1475796903000,1475796963000,60000,"50.233.89.198",854153670,-1062729170,35946,165,3637,22,2757
"2016-10-06 23:06:02","2016-10-06 23:07:02",1475795162000,1475795222000,60000,"50.233.89.198",854153670,-1062729170,64383,147,3984,27,2904
"2016-10-06 23:07:03","2016-10-06 23:08:02",1475795223000,1475795282000,59000,"50.233.89.198",854153670,-1062729170,11722,165,3637,22,2757
"2016-10-06 23:08:03","2016-10-06 23:09:02",1475795283000,1475795342000,59000,"50.233.89.198",854153670,-1062729170,48429,165,3637,22,2757
"2016-10-06 23:08:03","2016-10-06 23:09:02",1475795283000,1475795342000,59000,"50.233.89.198",854153670,-1062729170,22336,165,3637,22,2757
"2016-10-06 23:09:03","2016-10-06 23:10:02",1475795343000,1475795402000,59000,"50.233.89.198",854153670,-1062729170,64002,165,3637,22,2757
"2016-10-06 23:09:03","2016-10-06 23:10:02",1475795343000,1475795402000,59000,"50.233.89.198",854153670,-1062729170,33669,165,3637,22,2757
"2016-10-06 23:09:03","2016-10-06 23:10:02",1475795343000,1475795402000,59000,"50.233.89.198",854153670,-1062729170,59324,160,3689,23,2769
"2016-10-06 23:10:03","2016-10-06 23:11:02",1475795403000,1475795462000,59000,"50.233.89.198",854153670,-1062729170,23414,158,3637,23,2717
"2016-10-06 23:11:03","2016-10-06 23:12:02",1475795463000,1475795522000,59000,"50.233.89.198",854153670,-1062729170,34717,160,3701,23,2781
"2016-10-06 23:17:03","2016-10-06 23:18:03",1475795823000,1475795883000,60000,"50.233.89.198",854153670,-1062729170,9606,70,704,10,304
"2016-10-06 23:17:03","2016-10-06 23:18:03",1475795823000,1475795883000,60000,"50.233.89.198",854153670,-1062729170,5311,163,3757,23,2837
"2016-10-06 23:20:03","2016-10-06 23:21:03",1475796003000,1475796063000,60000,"50.233.89.198",854153670,-1062729170,17313,165,3637,22,2757
"2016-10-06 23:22:03","2016-10-06 23:23:03",1475796123000,1475796183000,60000,"50.233.89.198",854153670,-1062729170,7048,165,3637,22,2757
"2016-10-06 23:25:03","2016-10-06 23:26:03",1475796303000,1475796363000,60000,"50.233.89.198",854153670,-1062729170,43182,165,3637,22,2757
"2016-10-06 23:25:03","2016-10-06 23:26:03",1475796303000,1475796363000,60000,"50.233.89.198",854153670,-1062729170,49802,165,3637,22,2757
"2016-10-06 23:25:03","2016-10-06 23:26:03",1475796303000,1475796363000,60000,"50.233.89.198",854153670,-1062729170,28036,165,3637,22,2757
"2016-10-06 23:26:03","2016-10-06 23:27:03",1475796363000,1475796423000,60000,"50.233.89.198",854153670,-1062729170,37182,165,3637,22,2757
"2016-10-06 23:27:03","2016-10-06 23:28:03",1475796423000,1475796483000,60000,"50.233.89.198",854153670,-1062729170,63226,158,3637,23,2717
"2016-10-06 23:27:03","2016-10-06 23:28:03",1475796423000,1475796483000,60000,"50.233.89.198",854153670,-1062729170,31885,160,3701,23,2781
"2016-10-06 23:29:03","2016-10-06 23:30:03",1475796543000,1475796603000,60000,"50.233.89.198",854153670,-1062729170,58837,165,3637,22,2757
"2016-10-06 23:29:03","2016-10-06 23:30:03",1475796543000,1475796603000,60000,"50.233.89.198",854153670,-1062729170,63144,160,3701,23,2781
"2016-10-06 23:30:03","2016-10-06 23:32:03",1475796603000,1475796723000,120000,"50.233.89.198",854153670,-1062729170,12649,162,3573,22,2693
"2016-10-06 23:32:04","2016-10-06 23:33:03",1475796724000,1475796783000,59000,"50.233.89.198",854153670,-1062729170,47014,165,3637,22,2757
"2016-10-06 23:33:04","2016-10-06 23:34:03",1475796784000,1475796843000,59000,"50.233.89.198",854153670,-1062729170,13917,160,3701,23,2781
"2016-10-06 23:33:04","2016-10-06 23:34:03",1475796784000,1475796843000,59000,"50.233.89.198",854153670,-1062729170,11930,160,3701,23,2781
"2016-10-06 23:33:04","2016-10-06 23:34:03",1475796784000,1475796843000,59000,"50.233.89.198",854153670,-1062729170,33103,165,3637,22,2757
"2016-10-06 23:34:03","2016-10-06 23:35:03",1475796843000,1475796903000,60000,"50.233.89.198",854153670,-1062729170,21482,160,3689,23,2769
"2016-10-06 23:34:03","2016-10-06 23:35:03",1475796843000,1475796903000,60000,"50.233.89.198",854153670,-1062729170,50538,162,3573,22,2693
"2016-10-06 23:05:02","2016-10-06 23:06:02",1475795102000,1475795162000,60000,"50.233.89.198",854153670,-1062729170,31660,160,3701,23,2781
"2016-10-06 23:05:02","2016-10-06 23:06:02",1475795102000,1475795162000,60000,"50.233.89.198",854153670,-1062729170,1358,165,3637,22,2757
"2016-10-06 23:05:02","2016-10-06 23:07:02",1475795102000,1475795222000,120000,"50.233.89.198",854153670,-1062729170,3218,160,3701,23,2781
"2016-10-06 23:07:03","2016-10-06 23:08:02",1475795223000,1475795282000,59000,"50.233.89.198",854153670,-1062729170,59178,165,3637,22,2757
"2016-10-06 23:07:03","2016-10-06 23:08:02",1475795223000,1475795282000,59000,"50.233.89.198",854153670,-1062729170,13059,165,3637,22,2757
"2016-10-06 23:08:03","2016-10-06 23:09:02",1475795283000,1475795342000,59000,"50.233.89.198",854153670,-1062729170,15696,165,3637,22,2757
"2016-10-06 23:08:03","2016-10-06 23:09:02",1475795283000,1475795342000,59000,"50.233.89.198",854153670,-1062729170,63414,165,3637,22,2757
"2016-10-06 23:09:03","2016-10-06 23:26:03",1475795343000,1475796363000,1020000,"50.233.89.198",854153670,-1062729170,19513,161,7274,45,5474
"2016-10-06 23:09:03","2016-10-06 23:10:02",1475795343000,1475795402000,59000,"50.233.89.198",854153670,-1062729170,42012,164,3613,22,2733
"2016-10-06 23:11:03","2016-10-06 23:12:02",1475795463000,1475795522000,59000,"50.233.89.198",854153670,-1062729170,27248,165,3637,22,2757
"2016-10-06 23:11:03","2016-10-06 23:12:02",1475795463000,1475795522000,59000,"50.233.89.198",854153670,-1062729170,34554,165,3637,22,2757
"2016-10-06 23:12:03","2016-10-06 23:13:03",1475795523000,1475795583000,60000,"50.233.89.198",854153670,-1062729170,43618,160,3701,23,2781
"2016-10-06 23:13:03","2016-10-06 23:14:03",1475795583000,1475795643000,60000,"50.233.89.198",854153670,-1062729170,21897,158,3637,23,2717
"2016-10-06 23:15:03","2016-10-06 23:16:03",1475795703000,1475795763000,60000,"50.233.89.198",854153670,-1062729170,2428,162,3573,22,2693
"2016-10-06 23:15:03","2016-10-06 23:16:03",1475795703000,1475795763000,60000,"50.233.89.198",854153670,-1062729170,33856,165,3637,22,2757
"2016-10-06 23:16:03","2016-10-06 23:17:03",1475795763000,1475795823000,60000,"50.233.89.198",854153670,-1062729170,60094,160,3701,23,2781
"2016-10-06 23:17:03","2016-10-06 23:18:03",1475795823000,1475795883000,60000,"50.233.89.198",854153670,-1062729170,16464,165,3637,22,2757
"2016-10-06 23:18:03","2016-10-06 23:19:03",1475795883000,1475795943000,60000,"50.233.89.198",854153670,-1062729170,29855,165,3637,22,2757
"2016-10-06 23:18:03","2016-10-06 23:19:03",1475795883000,1475795943000,60000,"50.233.89.198",854153670,-1062729170,60516,156,3909,25,2909
"2016-10-06 23:20:03","2016-10-06 23:21:03",1475796003000,1475796063000,60000,"50.233.89.198",854153670,-1062729170,24212,162,3573,22,2693
"2016-10-06 23:21:03","2016-10-06 23:22:03",1475796063000,1475796123000,60000,"50.233.89.198",854153670,-1062729170,57491,165,3637,22,2757
"2016-10-06 23:23:03","2016-10-06 23:24:03",1475796183000,1475796243000,60000,"50.233.89.198",854153670,-1062729170,18905,165,3637,22,2757
"2016-10-06 23:23:03","2016-10-06 23:24:03",1475796183000,1475796243000,60000,"50.233.89.198",854153670,-1062729170,3363,160,3701,23,2781
"2016-10-06 23:23:03","2016-10-06 23:24:03",1475796183000,1475796243000,60000,"50.233.89.198",854153670,-1062729170,11440,162,3573,22,2693
"2016-10-06 23:24:03","2016-10-06 23:25:03",1475796243000,1475796303000,60000,"50.233.89.198",854153670,-1062729170,49935,160,3701,23,2781
"2016-10-06 23:24:03","2016-10-06 23:25:03",1475796243000,1475796303000,60000,"50.233.89.198",854153670,-1062729170,53216,165,3637,22,2757
"2016-10-06 23:25:03","2016-10-06 23:26:03",1475796303000,1475796363000,60000,"50.233.89.198",854153670,-1062729170,3694,160,3689,23,2769
"2016-10-06 23:26:03","2016-10-06 23:27:03",1475796363000,1475796423000,60000,"50.233.89.198",854153670,-1062729170,38431,156,3765,24,2805
"2016-10-06 23:27:03","2016-10-06 23:28:03",1475796423000,1475796483000,60000,"50.233.89.198",854153670,-1062729170,14903,160,3701,23,2781
"2016-10-06 23:27:03","2016-10-06 23:29:03",1475796423000,1475796543000,120000,"50.233.89.198",854153670,-1062729170,49894,165,3637,22,2757
"2016-10-06 23:28:03","2016-10-06 23:29:03",1475796483000,1475796543000,60000,"50.233.89.198",854153670,-1062729170,21776,165,3637,22,2757
"2016-10-06 23:29:03","2016-10-06 23:30:03",1475796543000,1475796603000,60000,"50.233.89.198",854153670,-1062729170,29758,165,3637,22,2757
"2016-10-06 23:30:03","2016-10-06 23:31:03",1475796603000,1475796663000,60000,"50.233.89.198",854153670,-1062729170,9593,160,3701,23,2781
"2016-10-06 23:30:03","2016-10-06 23:31:03",1475796603000,1475796663000,60000,"50.233.89.198",854153670,-1062729170,64927,165,3637,22,2757
"2016-10-06 23:32:04","2016-10-06 23:34:03",1475796724000,1475796843000,119000,"50.233.89.198",854153670,-1062729170,23015,165,3637,22,2757
"2016-10-06 23:32:04","2016-10-06 23:33:03",1475796724000,1475796783000,59000,"50.233.89.198",854153670,-1062729170,36634,165,3637,22,2757
"2016-10-06 23:33:04","2016-10-06 23:34:03",1475796784000,1475796843000,59000,"50.233.89.198",854153670,-1062729170,58068,166,3837,23,2917
"2016-10-06 23:33:04","2016-10-06 23:34:03",1475796784000,1475796843000,59000,"50.233.89.198",854153670,-1062729170,4185,165,3637,22,2757
"2016-10-06 23:33:04","2016-10-06 23:34:03",1475796784000,1475796843000,59000,"50.233.89.198",854153670,-1062729170,60998,165,3637,22,2757
"2016-10-06 23:33:04","2016-10-06 23:34:03",1475796784000,1475796843000,59000,"50.233.89.198",854153670,-1062729170,7245,165,3637,22,2757
"2016-10-06 23:34:03","2016-10-06 23:35:03",1475796843000,1475796903000,60000,"50.233.89.198",854153670,-1062729170,5594,160,3701,23,2781
"2016-10-06 23:34:03","2016-10-06 23:35:03",1475796843000,1475796903000,60000,"50.233.89.198",854153670,-1062729170,33215,165,3637,22,2757
"2016-10-06 23:34:03","2016-10-06 23:35:03",1475796843000,1475796903000,60000,"50.233.89.198",854153670,-1062729170,23991,165,3637,22,2757
"2016-10-06 23:35:03","2016-10-06 23:36:03",1475796903000,1475796963000,60000,"50.233.89.198",854153670,-1062729170,45099,100,6865,68,4145
"2016-10-06 23:05:02","2016-10-06 23:06:02",1475795102000,1475795162000,60000,"50.233.89.198",854153670,-1062729170,50541,160,3701,23,2781
"2016-10-06 23:05:02","2016-10-06 23:06:02",1475795102000,1475795162000,60000,"50.233.89.198",854153670,-1062729170,50513,165,3637,22,2757
"2016-10-06 23:05:02","2016-10-06 23:06:02",1475795102000,1475795162000,60000,"50.233.89.198",854153670,-1062729170,15861,165,3637,22,2757
"2016-10-06 23:05:02","2016-10-06 23:06:02",1475795102000,1475795162000,60000,"50.233.89.198",854153670,-1062729170,42550,165,3637,22,2757
"2016-10-06 23:06:02","2016-10-06 23:07:02",1475795162000,1475795222000,60000,"50.233.89.198",854153670,-1062729170,32564,165,3637,22,2757
"2016-10-06 23:08:03","2016-10-06 23:10:02",1475795283000,1475795402000,119000,"50.233.89.198",854153670,-1062729170,39475,162,3573,22,2693
"2016-10-06 23:08:03","2016-10-06 23:09:02",1475795283000,1475795342000,59000,"50.233.89.198",854153670,-1062729170,15474,165,3637,22,2757
"2016-10-06 23:09:03","2016-10-06 23:10:02",1475795343000,1475795402000,59000,"50.233.89.198",854153670,-1062729170,43328,165,3637,22,2757
"2016-10-06 23:10:03","2016-10-06 23:11:02",1475795403000,1475795462000,59000,"50.233.89.198",854153670,-1062729170,32160,165,3637,22,2757
"2016-10-06 23:09:03","2016-10-06 23:11:02",1475795343000,1475795462000,119000,"50.233.89.198",854153670,-1062729170,24389,160,3701,23,2781
"2016-10-06 23:10:03","2016-10-06 23:11:02",1475795403000,1475795462000,59000,"50.233.89.198",854153670,-1062729170,24403,165,3637,22,2757
"2016-10-06 23:11:03","2016-10-06 23:12:02",1475795463000,1475795522000,59000,"50.233.89.198",854153670,-1062729170,24498,165,3637,22,2757
"2016-10-06 23:12:03","2016-10-06 23:13:03",1475795523000,1475795583000,60000,"50.233.89.198",854153670,-1062729170,52380,165,3637,22,2757
"2016-10-06 23:12:03","2016-10-06 23:13:03",1475795523000,1475795583000,60000,"50.233.89.198",854153670,-1062729170,52296,165,3637,22,2757
"2016-10-06 23:12:03","2016-10-06 23:13:03",1475795523000,1475795583000,60000,"50.233.89.198",854153670,-1062729170,22289,165,3637,22,2757
"2016-10-06 23:13:03","2016-10-06 23:14:03",1475795583000,1475795643000,60000,"50.233.89.198",854153670,-1062729170,21258,162,3573,22,2693
"2016-10-06 23:14:03","2016-10-06 23:15:03",1475795643000,1475795703000,60000,"50.233.89.198",854153670,-1062729170,21117,165,3637,22,2757
"2016-10-06 23:15:03","2016-10-06 23:16:03",1475795703000,1475795763000,60000,"50.233.89.198",854153670,-1062729170,53801,160,3701,23,2781
"2016-10-06 23:16:03","2016-10-06 23:17:03",1475795763000,1475795823000,60000,"50.233.89.198",854153670,-1062729170,43213,162,3573,22,2693
"2016-10-06 23:16:03","2016-10-06 23:17:03",1475795763000,1475795823000,60000,"50.233.89.198",854153670,-1062729170,61161,165,3637,22,2757
"2016-10-06 23:16:03","2016-10-06 23:17:03",1475795763000,1475795823000,60000,"50.233.89.198",854153670,-1062729170,3202,165,3637,22,2757
"2016-10-06 23:16:03","2016-10-06 23:17:03",1475795763000,1475795823000,60000,"50.233.89.198",854153670,-1062729170,61305,165,3637,22,2757
"2016-10-06 23:19:03","2016-10-06 23:20:03",1475795943000,1475796003000,60000,"50.233.89.198",854153670,-1062729170,61469,165,3637,22,2757
"2016-10-06 23:20:03","2016-10-06 23:22:03",1475796003000,1475796123000,120000,"50.233.89.198",854153670,-1062729170,57004,165,3637,22,2757
"2016-10-06 23:20:03","2016-10-06 23:21:03",1475796003000,1475796063000,60000,"50.233.89.198",854153670,-1062729170,13782,165,3637,22,2757
"2016-10-06 23:20:03","2016-10-06 23:21:03",1475796003000,1475796063000,60000,"50.233.89.198",854153670,-1062729170,21924,160,3701,23,2781
"2016-10-06 23:21:03","2016-10-06 23:22:03",1475796063000,1475796123000,60000,"50.233.89.198",854153670,-1062729170,57279,165,3637,22,2757
"2016-10-06 23:21:03","2016-10-06 23:22:03",1475796063000,1475796123000,60000,"50.233.89.198",854153670,-1062729170,36810,162,3573,22,2693
"2016-10-06 23:21:03","2016-10-06 23:22:03",1475796063000,1475796123000,60000,"50.233.89.198",854153670,-1062729170,20261,158,3637,23,2717
"2016-10-06 23:22:03","2016-10-06 23:23:03",1475796123000,1475796183000,60000,"50.233.89.198",854153670,-1062729170,52134,165,3637,22,2757
"2016-10-06 23:22:03","2016-10-06 23:23:03",1475796123000,1475796183000,60000,"50.233.89.198",854153670,-1062729170,49989,165,3637,22,2757
"2016-10-06 23:23:03","2016-10-06 23:25:03",1475796183000,1475796303000,120000,"50.233.89.198",854153670,-1062729170,10649,160,3689,23,2769
"2016-10-06 23:23:03","2016-10-06 23:24:03",1475796183000,1475796243000,60000,"50.233.89.198",854153670,-1062729170,14932,165,3637,22,2757
"2016-10-06 23:24:03","2016-10-06 23:25:03",1475796243000,1475796303000,60000,"50.233.89.198",854153670,-1062729170,34314,165,3637,22,2757
"2016-10-06 23:25:03","2016-10-06 23:26:03",1475796303000,1475796363000,60000,"50.233.89.198",854153670,-1062729170,16888,166,3837,23,2917
"2016-10-06 23:26:03","2016-10-06 23:27:03",1475796363000,1475796423000,60000,"50.233.89.198",854153670,-1062729170,1845,165,3637,22,2757
"2016-10-06 23:26:03","2016-10-06 23:27:03",1475796363000,1475796423000,60000,"50.233.89.198",854153670,-1062729170,51443,165,3637,22,2757
"2016-10-06 23:31:03","2016-10-06 23:32:03",1475796663000,1475796723000,60000,"50.233.89.198",854153670,-1062729170,32659,160,3701,23,2781
"2016-10-06 23:31:03","2016-10-06 23:32:03",1475796663000,1475796723000,60000,"50.233.89.198",854153670,-1062729170,39798,165,3637,22,2757
"2016-10-06 23:32:04","2016-10-06 23:33:03",1475796724000,1475796783000,59000,"50.233.89.198",854153670,-1062729170,50678,165,3637,22,2757
"2016-10-06 23:08:03","2016-10-06 23:09:02",1475795283000,1475795342000,59000,"50.233.89.198",854153670,-1062729170,10132,165,3637,22,2757
"2016-10-06 23:10:03","2016-10-06 23:11:02",1475795403000,1475795462000,59000,"50.233.89.198",854153670,-1062729170,3736,160,3701,23,2781
"2016-10-06 23:10:03","2016-10-06 23:11:02",1475795403000,1475795462000,59000,"50.233.89.198",854153670,-1062729170,9156,165,3637,22,2757
"2016-10-06 23:11:03","2016-10-06 23:12:02",1475795463000,1475795522000,59000,"50.233.89.198",854153670,-1062729170,60723,165,3637,22,2757
"2016-10-06 23:11:03","2016-10-06 23:12:02",1475795463000,1475795522000,59000,"50.233.89.198",854153670,-1062729170,7895,160,3701,23,2781
"2016-10-06 23:11:03","2016-10-06 23:12:02",1475795463000,1475795522000,59000,"50.233.89.198",854153670,-1062729170,41649,165,3637,22,2757
"2016-10-06 23:12:03","2016-10-06 23:13:03",1475795523000,1475795583000,60000,"50.233.89.198",854153670,-1062729170,60308,165,3637,22,2757
"2016-10-06 23:12:03","2016-10-06 23:13:03",1475795523000,1475795583000,60000,"50.233.89.198",854153670,-1062729170,30021,165,3637,22,2757
"2016-10-06 23:13:03","2016-10-06 23:14:03",1475795583000,1475795643000,60000,"50.233.89.198",854153670,-1062729170,5392,165,3637,22,2757
"2016-10-06 23:13:03","2016-10-06 23:14:03",1475795583000,1475795643000,60000,"50.233.89.198",854153670,-1062729170,59148,160,3701,23,2781
"2016-10-06 23:13:03","2016-10-06 23:14:03",1475795583000,1475795643000,60000,"50.233.89.198",854153670,-1062729170,24763,165,3637,22,2757
"2016-10-06 23:14:03","2016-10-06 23:15:03",1475795643000,1475795703000,60000,"50.233.89.198",854153670,-1062729170,6497,165,3637,22,2757
"2016-10-06 23:17:03","2016-10-06 23:18:03",1475795823000,1475795883000,60000,"50.233.89.198",854153670,-1062729170,29541,165,3637,22,2757
"2016-10-06 23:18:03","2016-10-06 23:19:03",1475795883000,1475795943000,60000,"50.233.89.198",854153670,-1062729170,9963,165,3637,22,2757
"2016-10-06 23:18:03","2016-10-06 23:19:03",1475795883000,1475795943000,60000,"50.233.89.198",854153670,-1062729170,2269,165,3637,22,2757
"2016-10-06 23:19:03","2016-10-06 23:20:03",1475795943000,1475796003000,60000,"50.233.89.198",854153670,-1062729170,41279,165,3637,22,2757
"2016-10-06 23:20:03","2016-10-06 23:21:03",1475796003000,1475796063000,60000,"50.233.89.198",854153670,-1062729170,32056,165,3637,22,2757
"2016-10-06 23:20:03","2016-10-06 23:21:03",1475796003000,1475796063000,60000,"50.233.89.198",854153670,-1062729170,27473,165,3637,22,2757
"2016-10-06 23:21:03","2016-10-06 23:22:03",1475796063000,1475796123000,60000,"50.233.89.198",854153670,-1062729170,64694,160,3701,23,2781
"2016-10-06 23:21:03","2016-10-06 23:22:03",1475796063000,1475796123000,60000,"50.233.89.198",854153670,-1062729170,15797,165,3637,22,2757
"2016-10-06 23:22:03","2016-10-06 23:23:03",1475796123000,1475796183000,60000,"50.233.89.198",854153670,-1062729170,10277,165,3637,22,2757
"2016-10-06 23:25:03","2016-10-06 23:26:03",1475796303000,1475796363000,60000,"50.233.89.198",854153670,-1062729170,11089,165,3637,22,2757
"2016-10-06 23:26:03","2016-10-06 23:27:03",1475796363000,1475796423000,60000,"50.233.89.198",854153670,-1062729170,4420,165,3637,22,2757
"2016-10-06 23:27:03","2016-10-06 23:28:03",1475796423000,1475796483000,60000,"50.233.89.198",854153670,-1062729170,38019,165,3637,22,2757
"2016-10-06 23:28:03","2016-10-06 23:29:03",1475796483000,1475796543000,60000,"50.233.89.198",854153670,-1062729170,43888,165,3637,22,2757
"2016-10-06 23:29:03","2016-10-06 23:30:03",1475796543000,1475796603000,60000,"50.233.89.198",854153670,-1062729170,15442,162,3573,22,2693
"2016-10-06 23:29:03","2016-10-06 23:30:03",1475796543000,1475796603000,60000,"50.233.89.198",854153670,-1062729170,2416,165,3637,22,2757
"2016-10-06 23:30:03","2016-10-06 23:31:03",1475796603000,1475796663000,60000,"50.233.89.198",854153670,-1062729170,39278,160,3701,23,2781
"2016-10-06 23:30:03","2016-10-06 23:31:03",1475796603000,1475796663000,60000,"50.233.89.198",854153670,-1062729170,31966,165,3637,22,2757
"2016-10-06 23:31:03","2016-10-06 23:32:03",1475796663000,1475796723000,60000,"50.233.89.198",854153670,-1062729170,33729,160,3701,23,2781
"2016-10-06 23:32:04","2016-10-06 23:33:03",1475796724000,1475796783000,59000,"50.233.89.198",854153670,-1062729170,28472,160,3701,23,2781
"2016-10-06 23:32:04","2016-10-06 23:33:03",1475796724000,1475796783000,59000,"50.233.89.198",854153670,-1062729170,61266,160,3701,23,2781
"2016-10-06 23:33:04","2016-10-06 23:34:03",1475796784000,1475796843000,59000,"50.233.89.198",854153670,-1062729170,57095,165,3637,22,2757
"2016-10-06 23:34:03","2016-10-06 23:35:03",1475796843000,1475796903000,60000,"50.233.89.198",854153670,-1062729170,54057,165,3637,22,2757
"2016-10-06 23:35:03","2016-10-06 23:36:03",1475796903000,1475796963000,60000,"50.233.89.198",854153670,-1062729170,61139,156,3765,24,2805
"2016-10-06 23:09:03","2016-10-06 23:10:02",1475795343000,1475795402000,59000,"50.233.89.198",854153670,-1062729170,65211,162,3573,22,2693
"2016-10-06 23:06:02","2016-10-06 23:07:02",1475795162000,1475795222000,60000,"50.233.89.198",854153670,-1062729170,4958,160,3701,23,2781
"2016-10-06 23:06:02","2016-10-06 23:07:02",1475795162000,1475795222000,60000,"50.233.89.198",854153670,-1062729170,22039,165,3637,22,2757
"2016-10-06 23:07:03","2016-10-06 23:08:02",1475795223000,1475795282000,59000,"50.233.89.198",854153670,-1062729170,47641,160,3701,23,2781
"2016-10-06 23:07:03","2016-10-06 23:09:02",1475795223000,1475795342000,119000,"50.233.89.198",854153670,-1062729170,60505,165,3637,22,2757
"2016-10-06 23:08:03","2016-10-06 23:09:02",1475795283000,1475795342000,59000,"50.233.89.198",854153670,-1062729170,34456,165,3637,22,2757
"2016-10-06 23:08:03","2016-10-06 23:09:02",1475795283000,1475795342000,59000,"50.233.89.198",854153670,-1062729170,25960,160,3701,23,2781
"2016-10-06 23:10:03","2016-10-06 23:11:02",1475795403000,1475795462000,59000,"50.233.89.198",854153670,-1062729170,16496,165,3637,22,2757
"2016-10-06 23:12:03","2016-10-06 23:13:03",1475795523000,1475795583000,60000,"50.233.89.198",854153670,-1062729170,51570,165,3637,22,2757
"2016-10-06 23:12:03","2016-10-06 23:13:03",1475795523000,1475795583000,60000,"50.233.89.198",854153670,-1062729170,32793,165,3637,22,2757
"2016-10-06 23:13:03","2016-10-06 23:14:03",1475795583000,1475795643000,60000,"50.233.89.198",854153670,-1062729170,39795,165,3637,22,2757
"2016-10-06 23:14:03","2016-10-06 23:15:03",1475795643000,1475795703000,60000,"50.233.89.198",854153670,-1062729170,64605,160,3701,23,2781
"2016-10-06 23:15:03","2016-10-06 23:16:03",1475795703000,1475795763000,60000,"50.233.89.198",854153670,-1062729170,52099,165,3637,22,2757
"2016-10-06 23:16:03","2016-10-06 23:17:03",1475795763000,1475795823000,60000,"50.233.89.198",854153670,-1062729170,64899,165,3637,22,2757
"2016-10-06 23:16:03","2016-10-06 23:17:03",1475795763000,1475795823000,60000,"50.233.89.198",854153670,-1062729170,46711,165,3637,22,2757
"2016-10-06 23:19:03","2016-10-06 23:20:03",1475795943000,1475796003000,60000,"50.233.89.198",854153670,-1062729170,56437,165,3637,22,2757
"2016-10-06 23:20:03","2016-10-06 23:21:03",1475796003000,1475796063000,60000,"50.233.89.198",854153670,-1062729170,5653,165,3637,22,2757
"2016-10-06 23:21:03","2016-10-06 23:22:03",1475796063000,1475796123000,60000,"50.233.89.198",854153670,-1062729170,31293,165,3637,22,2757
"2016-10-06 23:21:03","2016-10-06 23:22:03",1475796063000,1475796123000,60000,"50.233.89.198",854153670,-1062729170,60651,165,3637,22,2757
"2016-10-06 23:22:03","2016-10-06 23:24:03",1475796123000,1475796243000,120000,"50.233.89.198",854153670,-1062729170,10211,158,3637,23,2717
"2016-10-06 23:22:03","2016-10-06 23:23:03",1475796123000,1475796183000,60000,"50.233.89.198",854153670,-1062729170,30326,158,3637,23,2717
"2016-10-06 23:22:03","2016-10-06 23:23:03",1475796123000,1475796183000,60000,"50.233.89.198",854153670,-1062729170,54798,160,3701,23,2781
"2016-10-06 23:22:03","2016-10-06 23:23:03",1475796123000,1475796183000,60000,"50.233.89.198",854153670,-1062729170,30469,165,3637,22,2757
"2016-10-06 23:24:03","2016-10-06 23:25:03",1475796243000,1475796303000,60000,"50.233.89.198",854153670,-1062729170,51915,160,3701,23,2781
"2016-10-06 23:24:03","2016-10-06 23:25:03",1475796243000,1475796303000,60000,"50.233.89.198",854153670,-1062729170,47111,165,3637,22,2757
"2016-10-06 23:24:03","2016-10-06 23:25:03",1475796243000,1475796303000,60000,"50.233.89.198",854153670,-1062729170,9046,160,3701,23,2781
"2016-10-06 23:26:03","2016-10-06 23:27:03",1475796363000,1475796423000,60000,"50.233.89.198",854153670,-1062729170,29711,165,3637,22,2757
"2016-10-06 23:26:03","2016-10-06 23:27:03",1475796363000,1475796423000,60000,"50.233.89.198",854153670,-1062729170,22014,165,3637,22,2757
"2016-10-06 23:26:03","2016-10-06 23:27:03",1475796363000,1475796423000,60000,"50.233.89.198",854153670,-1062729170,42194,165,3637,22,2757
"2016-10-06 23:27:03","2016-10-06 23:28:03",1475796423000,1475796483000,60000,"50.233.89.198",854153670,-1062729170,29759,160,3689,23,2769
"2016-10-06 23:27:03","2016-10-06 23:28:03",1475796423000,1475796483000,60000,"50.233.89.198",854153670,-1062729170,3172,156,4229,27,3149
"2016-10-06 23:27:03","2016-10-06 23:28:03",1475796423000,1475796483000,60000,"50.233.89.198",854153670,-1062729170,11659,160,3701,23,2781
"2016-10-06 23:28:03","2016-10-06 23:29:03",1475796483000,1475796543000,60000,"50.233.89.198",854153670,-1062729170,46469,165,3637,22,2757
"2016-10-06 23:28:03","2016-10-06 23:29:03",1475796483000,1475796543000,60000,"50.233.89.198",854153670,-1062729170,27842,160,3701,23,2781
"2016-10-06 23:31:03","2016-10-06 23:32:03",1475796663000,1475796723000,60000,"50.233.89.198",854153670,-1062729170,2790,162,3573,22,2693
"2016-10-06 23:31:03","2016-10-06 23:32:03",1475796663000,1475796723000,60000,"50.233.89.198",854153670,-1062729170,6003,160,3701,23,2781
"2016-10-06 23:31:03","2016-10-06 23:32:03",1475796663000,1475796723000,60000,"50.233.89.198",854153670,-1062729170,36703,160,3701,23,2781
"2016-10-06 23:05:02","2016-10-06 23:06:02",1475795102000,1475795162000,60000,"50.233.89.198",854153670,-1062729170,9934,160,3701,23,2781
"2016-10-06 23:07:03","2016-10-06 23:08:02",1475795223000,1475795282000,59000,"50.233.89.198",854153670,-1062729170,53283,160,3701,23,2781
"2016-10-06 23:08:03","2016-10-06 23:09:02",1475795283000,1475795342000,59000,"50.233.89.198",854153670,-1062729170,64412,165,3637,22,2757
"2016-10-06 23:09:03","2016-10-06 23:10:02",1475795343000,1475795402000,59000,"50.233.89.198",854153670,-1062729170,41121,162,3573,22,2693
"2016-10-06 23:09:03","2016-10-06 23:10:02",1475795343000,1475795402000,59000,"50.233.89.198",854153670,-1062729170,37040,144,4045,28,2925
"2016-10-06 23:10:03","2016-10-06 23:11:02",1475795403000,1475795462000,59000,"50.233.89.198",854153670,-1062729170,47910,160,3701,23,2781
"2016-10-06 23:12:03","2016-10-06 23:13:03",1475795523000,1475795583000,60000,"50.233.89.198",854153670,-1062729170,35147,165,3637,22,2757
"2016-10-06 23:14:03","2016-10-06 23:20:03",1475795643000,1475796003000,360000,"50.233.89.198",854153670,-1062729170,16523,160,7402,46,5562
"2016-10-06 23:14:03","2016-10-06 23:15:03",1475795643000,1475795703000,60000,"50.233.89.198",854153670,-1062729170,23539,165,3637,22,2757
"2016-10-06 23:19:03","2016-10-06 23:20:03",1475795943000,1475796003000,60000,"50.233.89.198",854153670,-1062729170,41994,165,3637,22,2757
"2016-10-06 23:20:03","2016-10-06 23:21:03",1475796003000,1475796063000,60000,"50.233.89.198",854153670,-1062729170,10298,165,3637,22,2757
"2016-10-06 23:21:03","2016-10-06 23:22:03",1475796063000,1475796123000,60000,"50.233.89.198",854153670,-1062729170,41592,165,3637,22,2757
"2016-10-06 23:21:03","2016-10-06 23:22:03",1475796063000,1475796123000,60000,"50.233.89.198",854153670,-1062729170,23772,165,3637,22,2757
"2016-10-06 23:24:03","2016-10-06 23:25:03",1475796243000,1475796303000,60000,"50.233.89.198",854153670,-1062729170,59843,160,3701,23,2781
"2016-10-06 23:24:03","2016-10-06 23:25:03",1475796243000,1475796303000,60000,"50.233.89.198",854153670,-1062729170,59677,165,3637,22,2757
"2016-10-06 23:24:03","2016-10-06 23:25:03",1475796243000,1475796303000,60000,"50.233.89.198",854153670,-1062729170,20253,165,3637,22,2757
"2016-10-06 23:25:03","2016-10-06 23:26:03",1475796303000,1475796363000,60000,"50.233.89.198",854153670,-1062729170,49131,165,3637,22,2757
"2016-10-06 23:25:03","2016-10-06 23:26:03",1475796303000,1475796363000,60000,"50.233.89.198",854153670,-1062729170,24070,165,3637,22,2757
"2016-10-06 23:26:03","2016-10-06 23:27:03",1475796363000,1475796423000,60000,"50.233.89.198",854153670,-1062729170,25747,165,3637,22,2757
"2016-10-06 23:27:03","2016-10-06 23:28:03",1475796423000,1475796483000,60000,"50.233.89.198",854153670,-1062729170,61919,165,3637,22,2757
"2016-10-06 23:28:03","2016-10-06 23:29:03",1475796483000,1475796543000,60000,"50.233.89.198",854153670,-1062729170,65511,160,3701,23,2781
"2016-10-06 23:29:03","2016-10-06 23:30:03",1475796543000,1475796603000,60000,"50.233.89.198",854153670,-1062729170,10485,158,3637,23,2717
"2016-10-06 23:29:03","2016-10-06 23:30:03",1475796543000,1475796603000,60000,"50.233.89.198",854153670,-1062729170,41796,165,3637,22,2757
"2016-10-06 23:30:03","2016-10-06 23:31:03",1475796603000,1475796663000,60000,"50.233.89.198",854153670,-1062729170,2913,160,3701,23,2781
"2016-10-06 23:30:03","2016-10-06 23:31:03",1475796603000,1475796663000,60000,"50.233.89.198",854153670,-1062729170,65311,160,3689,23,2769
"2016-10-06 23:31:03","2016-10-06 23:32:03",1475796663000,1475796723000,60000,"50.233.89.198",854153670,-1062729170,4786,165,3637,22,2757
"2016-10-06 23:33:04","2016-10-06 23:34:03",1475796784000,1475796843000,59000,"50.233.89.198",854153670,-1062729170,39709,165,3637,22,2757
"2016-10-06 23:33:04","2016-10-06 23:34:03",1475796784000,1475796843000,59000,"50.233.89.198",854153670,-1062729170,53899,160,3701,23,2781
"2016-10-06 23:34:03","2016-10-06 23:35:03",1475796843000,1475796903000,60000,"50.233.89.198",854153670,-1062729170,45741,160,3701,23,2781
"2016-10-06 23:34:03","2016-10-06 23:35:03",1475796843000,1475796903000,60000,"50.233.89.198",854153670,-1062729170,12496,160,3701,23,2781
"2016-10-06 23:09:03","2016-10-06 23:10:02",1475795343000,1475795402000,59000,"50.233.89.198",854153670,-1062729170,5729,165,3637,22,2757
"2016-10-06 23:11:03","2016-10-06 23:12:02",1475795463000,1475795522000,59000,"50.233.89.198",854153670,-1062729170,36553,160,3701,23,2781
"2016-10-06 23:12:03","2016-10-06 23:13:03",1475795523000,1475795583000,60000,"50.233.89.198",854153670,-1062729170,45768,165,3637,22,2757
"2016-10-06 23:13:03","2016-10-06 23:14:03",1475795583000,1475795643000,60000,"50.233.89.198",854153670,-1062729170,11724,165,3637,22,2757
"2016-10-06 23:14:03","2016-10-06 23:15:03",1475795643000,1475795703000,60000,"50.233.89.198",854153670,-1062729170,17271,160,3701,23,2781
"2016-10-06 23:14:03","2016-10-06 23:15:03",1475795643000,1475795703000,60000,"50.233.89.198",854153670,-1062729170,4231,165,3637,22,2757
"2016-10-06 23:15:03","2016-10-06 23:16:03",1475795703000,1475795763000,60000,"50.233.89.198",854153670,-1062729170,37429,158,3637,23,2717
"2016-10-06 23:16:03","2016-10-06 23:17:03",1475795763000,1475795823000,60000,"50.233.89.198",854153670,-1062729170,1543,165,3637,22,2757
"2016-10-06 23:16:03","2016-10-06 23:17:03",1475795763000,1475795823000,60000,"50.233.89.198",854153670,-1062729170,46830,165,3637,22,2757
"2016-10-06 23:16:03","2016-10-06 23:17:03",1475795763000,1475795823000,60000,"50.233.89.198",854153670,-1062729170,60018,160,3701,23,2781
"2016-10-06 23:18:03","2016-10-06 23:19:03",1475795883000,1475795943000,60000,"50.233.89.198",854153670,-1062729170,26729,161,4201,26,3161
"2016-10-06 23:18:03","2016-10-06 23:19:03",1475795883000,1475795943000,60000,"50.233.89.198",854153670,-1062729170,49773,165,3637,22,2757
"2016-10-06 23:19:03","2016-10-06 23:20:03",1475795943000,1475796003000,60000,"50.233.89.198",854153670,-1062729170,63140,165,3637,22,2757
"2016-10-06 23:19:03","2016-10-06 23:20:03",1475795943000,1475796003000,60000,"50.233.89.198",854153670,-1062729170,2916,165,3637,22,2757
"2016-10-06 23:19:03","2016-10-06 23:20:03",1475795943000,1475796003000,60000,"50.233.89.198",854153670,-1062729170,15441,165,3637,22,2757
"2016-10-06 23:20:03","2016-10-06 23:21:03",1475796003000,1475796063000,60000,"50.233.89.198",854153670,-1062729170,36159,165,3637,22,2757
"2016-10-06 23:21:03","2016-10-06 23:22:03",1475796063000,1475796123000,60000,"50.233.89.198",854153670,-1062729170,2239,165,3637,22,2757
"2016-10-06 23:22:03","2016-10-06 23:23:03",1475796123000,1475796183000,60000,"50.233.89.198",854153670,-1062729170,29179,158,3637,23,2717
"2016-10-06 23:23:03","2016-10-06 23:24:03",1475796183000,1475796243000,60000,"50.233.89.198",854153670,-1062729170,26012,162,3573,22,2693
"2016-10-06 23:23:03","2016-10-06 23:24:03",1475796183000,1475796243000,60000,"50.233.89.198",854153670,-1062729170,54227,160,3701,23,2781
"2016-10-06 23:23:03","2016-10-06 23:24:03",1475796183000,1475796243000,60000,"50.233.89.198",854153670,-1062729170,23913,165,3637,22,2757
"2016-10-06 23:26:03","2016-10-06 23:27:03",1475796363000,1475796423000,60000,"50.233.89.198",854153670,-1062729170,50587,165,3637,22,2757
"2016-10-06 23:28:03","2016-10-06 23:29:03",1475796483000,1475796543000,60000,"50.233.89.198",854153670,-1062729170,31264,165,3637,22,2757
"2016-10-06 23:28:03","2016-10-06 23:29:03",1475796483000,1475796543000,60000,"50.233.89.198",854153670,-1062729170,51885,158,3653,23,2733
"2016-10-06 23:29:03","2016-10-06 23:31:03",1475796543000,1475796663000,120000,"50.233.89.198",854153670,-1062729170,64133,165,3637,22,2757
"2016-10-06 23:29:03","2016-10-06 23:30:03",1475796543000,1475796603000,60000,"50.233.89.198",854153670,-1062729170,40855,160,3701,23,2781
"2016-10-06 23:30:03","2016-10-06 23:31:03",1475796603000,1475796663000,60000,"50.233.89.198",854153670,-1062729170,30780,165,3637,22,2757
"2016-10-06 23:31:03","2016-10-06 23:32:03",1475796663000,1475796723000,60000,"50.233.89.198",854153670,-1062729170,3842,165,3637,22,2757
"2016-10-06 23:31:03","2016-10-06 23:32:03",1475796663000,1475796723000,60000,"50.233.89.198",854153670,-1062729170,14754,165,3637,22,2757
"2016-10-06 23:33:04","2016-10-06 23:35:03",1475796784000,1475796903000,119000,"50.233.89.198",854153670,-1062729170,34411,165,3637,22,2757
"2016-10-06 23:34:03","2016-10-06 23:35:03",1475796843000,1475796903000,60000,"50.233.89.198",854153670,-1062729170,19826,165,3637,22,2757
"2016-10-06 23:05:02","2016-10-06 23:06:02",1475795102000,1475795162000,60000,"50.233.89.198",854153670,-1062729170,13525,155,3741,24,2781
"2016-10-06 23:05:02","2016-10-06 23:06:02",1475795102000,1475795162000,60000,"50.233.89.198",854153670,-1062729170,28904,160,3689,23,2769
"2016-10-06 23:06:02","2016-10-06 23:07:02",1475795162000,1475795222000,60000,"50.233.89.198",854153670,-1062729170,52513,165,3637,22,2757
"2016-10-06 23:06:02","2016-10-06 23:07:02",1475795162000,1475795222000,60000,"50.233.89.198",854153670,-1062729170,48970,158,3637,23,2717
"2016-10-06 23:07:03","2016-10-06 23:08:02",1475795223000,1475795282000,59000,"50.233.89.198",854153670,-1062729170,49155,165,3637,22,2757
"2016-10-06 23:08:03","2016-10-06 23:09:02",1475795283000,1475795342000,59000,"50.233.89.198",854153670,-1062729170,16716,165,3637,22,2757
"2016-10-06 23:08:03","2016-10-06 23:09:02",1475795283000,1475795342000,59000,"50.233.89.198",854153670,-1062729170,40924,165,3637,22,2757
"2016-10-06 23:08:03","2016-10-06 23:09:02",1475795283000,1475795342000,59000,"50.233.89.198",854153670,-1062729170,7774,162,3573,22,2693
"2016-10-06 23:09:03","2016-10-06 23:10:02",1475795343000,1475795402000,59000,"50.233.89.198",854153670,-1062729170,47276,165,3637,22,2757
"2016-10-06 23:10:03","2016-10-06 23:11:02",1475795403000,1475795462000,59000,"50.233.89.198",854153670,-1062729170,59042,160,3701,23,2781
"2016-10-06 23:10:03","2016-10-06 23:11:02",1475795403000,1475795462000,59000,"50.233.89.198",854153670,-1062729170,26639,165,3637,22,2757
"2016-10-06 23:10:03","2016-10-06 23:11:02",1475795403000,1475795462000,59000,"50.233.89.198",854153670,-1062729170,59422,165,3637,22,2757
"2016-10-06 23:11:03","2016-10-06 23:12:02",1475795463000,1475795522000,59000,"50.233.89.198",854153670,-1062729170,64660,165,3637,22,2757
"2016-10-06 23:11:03","2016-10-06 23:13:03",1475795463000,1475795583000,120000,"50.233.89.198",854153670,-1062729170,41143,160,3701,23,2781
"2016-10-06 23:13:03","2016-10-06 23:14:03",1475795583000,1475795643000,60000,"50.233.89.198",854153670,-1062729170,17091,165,3637,22,2757
"2016-10-06 23:13:03","2016-10-06 23:14:03",1475795583000,1475795643000,60000,"50.233.89.198",854153670,-1062729170,25435,162,3573,22,2693
"2016-10-06 23:13:03","2016-10-06 23:14:03",1475795583000,1475795643000,60000,"50.233.89.198",854153670,-1062729170,4110,162,3573,22,2693
"2016-10-06 23:13:03","2016-10-06 23:15:03",1475795583000,1475795703000,120000,"50.233.89.198",854153670,-1062729170,14459,165,3637,22,2757
"2016-10-06 23:15:03","2016-10-06 23:16:03",1475795703000,1475795763000,60000,"50.233.89.198",854153670,-1062729170,12350,160,3701,23,2781
"2016-10-06 23:19:03","2016-10-06 23:20:03",1475795943000,1475796003000,60000,"50.233.89.198",854153670,-1062729170,22638,164,3613,22,2733
"2016-10-06 23:20:03","2016-10-06 23:21:03",1475796003000,1475796063000,60000,"50.233.89.198",854153670,-1062729170,34049,160,3701,23,2781
"2016-10-06 23:20:03","2016-10-06 23:21:03",1475796003000,1475796063000,60000,"50.233.89.198",854153670,-1062729170,21058,165,3637,22,2757
"2016-10-06 23:22:03","2016-10-06 23:23:03",1475796123000,1475796183000,60000,"50.233.89.198",854153670,-1062729170,16850,158,3637,23,2717
"2016-10-06 23:22:03","2016-10-06 23:23:03",1475796123000,1475796183000,60000,"50.233.89.198",854153670,-1062729170,33189,165,3637,22,2757
"2016-10-06 23:24:03","2016-10-06 23:25:03",1475796243000,1475796303000,60000,"50.233.89.198",854153670,-1062729170,1762,165,3637,22,2757
"2016-10-06 23:25:03","2016-10-06 23:26:03",1475796303000,1475796363000,60000,"50.233.89.198",854153670,-1062729170,27449,165,3637,22,2757
"2016-10-06 23:25:03","2016-10-06 23:26:03",1475796303000,1475796363000,60000,"50.233.89.198",854153670,-1062729170,26828,165,3637,22,2757
"2016-10-06 23:26:03","2016-10-06 23:27:03",1475796363000,1475796423000,60000,"50.233.89.198",854153670,-1062729170,42887,160,3701,23,2781
"2016-10-06 23:27:03","2016-10-06 23:28:03",1475796423000,1475796483000,60000,"50.233.89.198",854153670,-1062729170,50150,165,3637,22,2757
"2016-10-06 23:29:03","2016-10-06 23:30:03",1475796543000,1475796603000,60000,"50.233.89.198",854153670,-1062729170,43691,165,3637,22,2757
"2016-10-06 23:29:03","2016-10-06 23:30:03",1475796543000,1475796603000,60000,"50.233.89.198",854153670,-1062729170,2377,165,3637,22,2757
"2016-10-06 23:31:03","2016-10-06 23:32:03",1475796663000,1475796723000,60000,"50.233.89.198",854153670,-1062729170,3746,160,3701,23,2781
"2016-10-06 23:32:04","2016-10-06 23:33:03",1475796724000,1475796783000,59000,"50.233.89.198",854153670,-1062729170,16038,165,3637,22,2757
"2016-10-06 23:33:04","2016-10-06 23:34:03",1475796784000,1475796843000,59000,"50.233.89.198",854153670,-1062729170,50858,165,3637,22,2757
"2016-10-06 23:34:03","2016-10-06 23:35:03",1475796843000,1475796903000,60000,"50.233.89.198",854153670,-1062729170,13506,160,3701,23,2781
"2016-10-06 23:35:03","2016-10-06 23:36:03",1475796903000,1475796963000,60000,"50.233.89.198",854153670,-1062729170,34405,165,3637,22,2757
