"ts","ts_end","ts_unix","ts_end_unix","ts_delta","srcip_str","srcport","srcip","conn_dir","dstip","ratio","bpf","ppf","dpf"
"2016-10-06 23:05:02","2016-10-06 23:06:02",1475795102000,1475795162000,60000,"50.233.89.198",21578,854153670,1,-1062729170,162,3573,22,2693
"2016-10-06 23:05:02","2016-10-06 23:06:02",1475795102000,1475795162000,60000,"50.233.89.198",31949,854153670,1,-1062729170,160,3701,23,2781
"2016-10-06 23:05:02","2016-10-06 23:06:02",1475795102000,1475795162000,60000,"50.233.89.198",15861,854153670,1,-1062729170,165,3637,22,2757
"2016-10-06 23:05:02","2016-10-06 23:06:02",1475795102000,1475795162000,60000,"50.233.89.198",42550,854153670,1,-1062729170,165,3637,22,2757
"2016-10-06 23:05:02","2016-10-06 23:06:02",1475795102000,1475795162000,60000,"50.233.89.198",50541,854153670,1,-1062729170,160,3701,23,2781
"2016-10-06 23:05:02","2016-10-06 23:06:02",1475795102000,1475795162000,60000,"50.233.89.198",50513,854153670,1,-1062729170,165,3637,22,2757
"2016-10-06 23:05:02","2016-10-06 23:06:02",1475795102000,1475795162000,60000,"50.233.89.198",27339,854153670,1,-1062729170,160,3701,23,2781
"2016-10-06 23:05:02","2016-10-06 23:06:02",1475795102000,1475795162000,60000,"50.233.89.198",22997,854153670,1,-1062729170,160,3701,23,2781
"2016-10-06 23:05:02","2016-10-06 23:06:02",1475795102000,1475795162000,60000,"50.233.89.198",15767,854153670,1,-1062729170,165,3637,22,2757
"2016-10-06 23:05:02","2016-10-06 23:06:02",1475795102000,1475795162000,60000,"50.233.89.198",37901,854153670,1,-1062729170,160,3701,23,2781
"2016-10-06 23:05:02","2016-10-06 23:06:02",1475795102000,1475795162000,60000,"50.233.89.198",31660,854153670,1,-1062729170,160,3701,23,2781
"2016-10-06 23:05:02","2016-10-06 23:06:02",1475795102000,1475795162000,60000,"50.233.89.198",1358,854153670,1,-1062729170,165,3637,22,2757
"2016-10-06 23:05:02","2016-10-06 23:06:02",1475795102000,1475795162000,60000,"50.233.89.198",3218,854153670,1,-1062729170,207,3105,15,2505
"2016-10-06 23:05:02","2016-10-06 23:06:02",1475795102000,1475795162000,60000,"50.233.89.198",9934,854153670,1,-1062729170,160,3701,23,2781
"2016-10-06 23:05:02","2016-10-06 23:06:02",1475795102000,1475795162000,60000,"50.233.89.198",54625,854153670,1,-1062729170,165,3637,22,2757
"2016-10-06 23:05:02","2016-10-06 23:06:02",1475795102000,1475795162000,60000,"50.233.89.198",13525,854153670,1,-1062729170,155,3741,24,2781
"2016-10-06 23:05:02","2016-10-06 23:06:02",1475795102000,1475795162000,60000,"50.233.89.198",28904,854153670,1,-1062729170,160,3689,23,2769
"2016-10-06 23:06:02","2016-10-06 23:07:02",1475795162000,1475795222000,60000,"50.233.89.198",32564,854153670,1,-1062729170,165,3637,22,2757
"2016-10-06 23:06:02","2016-10-06 23:07:02",1475795162000,1475795222000,60000,"50.233.89.198",24441,854153670,1,-1062729170,160,3701,23,2781
"2016-10-06 23:06:02","2016-10-06 23:07:02",1475795162000,1475795222000,60000,"50.233.89.198",64383,854153670,1,-1062729170,147,3984,27,2904
"2016-10-06 23:06:02","2016-10-06 23:07:02",1475795162000,1475795222000,60000,"50.233.89.198",4958,854153670,1,-1062729170,160,3701,23,2781
"2016-10-06 23:06:02","2016-10-06 23:07:02",1475795162000,1475795222000,60000,"50.233.89.198",50842,854153670,1,-1062729170,165,3637,22,2757
"2016-10-06 23:06:02","2016-10-06 23:07:02",1475795162000,1475795222000,60000,"50.233.89.198",3218,854153670,1,-1062729170,74,596,8,276
"2016-10-06 23:06:02","2016-10-06 23:07:02",1475795162000,1475795222000,60000,"50.233.89.198",22039,854153670,1,-1062729170,165,3637,22,2757
"2016-10-06 23:06:02","2016-10-06 23:07:02",1475795162000,1475795222000,60000,"50.233.89.198",43767,854153670,1,-1062729170,160,3701,23,2781
"2016-10-06 23:06:02","2016-10-06 23:07:02",1475795162000,1475795222000,60000,"50.233.89.198",4260,854153670,1,-1062729170,160,3701,23,2781
"2016-10-06 23:06:02","2016-10-06 23:07:02",1475795162000,1475795222000,60000,"50.233.89.198",15608,854153670,1,-1062729170,165,3637,22,2757
"2016-10-06 23:06:02","2016-10-06 23:07:02",1475795162000,1475795222000,60000,"50.233.89.198",5056,854153670,1,-1062729170,165,3637,22,2757
"2016-10-06 23:06:02","2016-10-06 23:07:02",1475795162000,1475795222000,60000,"50.233.89.198",40477,854153670,1,-1062729170,165,3637,22,2757
"2016-10-06 23:06:02","2016-10-06 23:07:02",1475795162000,1475795222000,60000,"50.233.89.198",22359,854153670,1,-1062729170,165,3637,22,2757
"2016-10-06 23:06:02","2016-10-06 23:08:02",1475795162000,1475795282000,120000,"50.233.89.198",44310,854153670,1,-1062729170,164,3613,22,2733
"2016-10-06 23:06:02","2016-10-06 23:07:02",1475795162000,1475795222000,60000,"50.233.89.198",52513,854153670,1,-1062729170,165,3637,22,2757
"2016-10-06 23:06:02","2016-10-06 23:07:02",1475795162000,1475795222000,60000,"50.233.89.198",58553,854153670,1,-1062729170,165,3637,22,2757
"2016-10-06 23:06:02","2016-10-06 23:07:02",1475795162000,1475795222000,60000,"50.233.89.198",36606,854153670,1,-1062729170,165,3637,22,2757
"2016-10-06 23:06:02","2016-10-06 23:07:02",1475795162000,1475795222000,60000,"50.233.89.198",48970,854153670,1,-1062729170,158,3637,23,2717
"2016-10-06 23:06:02","2016-10-06 23:07:02",1475795162000,1475795222000,60000,"50.233.89.198",25310,854153670,1,-1062729170,162,3573,22,2693
"2016-10-06 23:07:03","2016-10-06 23:08:02",1475795223000,1475795282000,59000,"50.233.89.198",5224,854153670,1,-1062729170,160,3701,23,2781
"2016-10-06 23:07:03","2016-10-06 23:08:02",1475795223000,1475795282000,59000,"50.233.89.198",27253,854153670,1,-1062729170,156,3753,24,2793
"2016-10-06 23:07:03","2016-10-06 23:08:02",1475795223000,1475795282000,59000,"50.233.89.198",7457,854153670,1,-1062729170,165,3637,22,2757
"2016-10-06 23:07:03","2016-10-06 23:08:02",1475795223000,1475795282000,59000,"50.233.89.198",54917,854153670,1,-1062729170,160,3693,23,2773
"2016-10-06 23:07:03","2016-10-06 23:08:02",1475795223000,1475795282000,59000,"50.233.89.198",11722,854153670,1,-1062729170,165,3637,22,2757
"2016-10-06 23:07:03","2016-10-06 23:08:02",1475795223000,1475795282000,59000,"50.233.89.198",55764,854153670,1,-1062729170,165,3637,22,2757
"2016-10-06 23:07:03","2016-10-06 23:08:02",1475795223000,1475795282000,59000,"50.233.89.198",38667,854153670,1,-1062729170,165,3637,22,2757
"2016-10-06 23:07:03","2016-10-06 23:08:02",1475795223000,1475795282000,59000,"50.233.89.198",62801,854153670,1,-1062729170,165,3637,22,2757
"2016-10-06 23:07:03","2016-10-06 23:08:02",1475795223000,1475795282000,59000,"50.233.89.198",47641,854153670,1,-1062729170,160,3701,23,2781
"2016-10-06 23:07:03","2016-10-06 23:09:02",1475795223000,1475795342000,119000,"50.233.89.198",60505,854153670,1,-1062729170,165,3637,22,2757
"2016-10-06 23:07:03","2016-10-06 23:08:02",1475795223000,1475795282000,59000,"50.233.89.198",18489,854153670,1,-1062729170,162,3573,22,2693
"2016-10-06 23:07:03","2016-10-06 23:08:02",1475795223000,1475795282000,59000,"50.233.89.198",59178,854153670,1,-1062729170,165,3637,22,2757
"2016-10-06 23:07:03","2016-10-06 23:08:02",1475795223000,1475795282000,59000,"50.233.89.198",10309,854153670,1,-1062729170,160,3701,23,2781
"2016-10-06 23:07:03","2016-10-06 23:08:02",1475795223000,1475795282000,59000,"50.233.89.198",13059,854153670,1,-1062729170,165,3637,22,2757
"2016-10-06 23:07:03","2016-10-06 23:08:02",1475795223000,1475795282000,59000,"50.233.89.198",58325,854153670,1,-1062729170,165,3637,22,2757
"2016-10-06 23:07:03","2016-10-06 23:08:02",1475795223000,1475795282000,59000,"50.233.89.198",53283,854153670,1,-1062729170,160,3701,23,2781
"2016-10-06 23:07:03","2016-10-06 23:08:02",1475795223000,1475795282000,59000,"50.233.89.198",49155,854153670,1,-1062729170,165,3637,22,2757
"2016-10-06 23:07:03","2016-10-06 23:08:02",1475795223000,1475795282000,59000,"50.233.89.198",3294,854153670,1,-1062729170,165,3637,22,2757
"2016-10-06 23:07:03","2016-10-06 23:08:02",1475795223000,1475795282000,59000,"50.233.89.198",39120,854153670,1,-1062729170,160,3701,23,2781
"2016-10-06 23:08:03","2016-10-06 23:09:02",1475795283000,1475795342000,59000,"50.233.89.198",48429,854153670,1,-1062729170,165,3637,22,2757
"2016-10-06 23:08:03","2016-10-06 23:10:02",1475795283000,1475795402000,119000,"50.233.89.198",39475,854153670,1,-1062729170,162,3573,22,2693
"2016-10-06 23:08:03","2016-10-06 23:09:02",1475795283000,1475795342000,59000,"50.233.89.198",19472,854153670,1,-1062729170,165,3637,22,2757
"2016-10-06 23:08:03","2016-10-06 23:09:02",1475795283000,1475795342000,59000,"50.233.89.198",22336,854153670,1,-1062729170,165,3637,22,2757
"2016-10-06 23:08:03","2016-10-06 23:09:02",1475795283000,1475795342000,59000,"50.233.89.198",17849,854153670,1,-1062729170,165,3637,22,2757
"2016-10-06 23:08:03","2016-10-06 23:09:02",1475795283000,1475795342000,59000,"50.233.89.198",15474,854153670,1,-1062729170,165,3637,22,2757
"2016-10-06 23:08:03","2016-10-06 23:09:02",1475795283000,1475795342000,59000,"50.233.89.198",34456,854153670,1,-1062729170,165,3637,22,2757
"2016-10-06 23:08:03","2016-10-06 23:09:02",1475795283000,1475795342000,59000,"50.233.89.198",25960,854153670,1,-1062729170,160,3701,23,2781
"2016-10-06 23:08:03","2016-10-06 23:09:02",1475795283000,1475795342000,59000,"50.233.89.198",1500,854153670,1,-1062729170,160,3701,23,2781
"2016-10-06 23:08:03","2016-10-06 23:09:02",1475795283000,1475795342000,59000,"50.233.89.198",6871,854153670,1,-1062729170,165,3637,22,2757
"2016-10-06 23:08:03","2016-10-06 23:09:02",1475795283000,1475795342000,59000,"50.233.89.198",15696,854153670,1,-1062729170,165,3637,22,2757
"2016-10-06 23:08:03","2016-10-06 23:09:02",1475795283000,1475795342000,59000,"50.233.89.198",63414,854153670,1,-1062729170,165,3637,22,2757
"2016-10-06 23:08:03","2016-10-06 23:09:02",1475795283000,1475795342000,59000,"50.233.89.198",10132,854153670,1,-1062729170,165,3637,22,2757
"2016-10-06 23:08:03","2016-10-06 23:09:02",1475795283000,1475795342000,59000,"50.233.89.198",16716,854153670,1,-1062729170,165,3637,22,2757
"2016-10-06 23:08:03","2016-10-06 23:09:02",1475795283000,1475795342000,59000,"50.233.89.198",40924,854153670,1,-1062729170,165,3637,22,2757
"2016-10-06 23:08:03","2016-10-06 23:09:02",1475795283000,1475795342000,59000,"50.233.89.198",64412,854153670,1,-1062729170,165,3637,22,2757
"2016-10-06 23:08:03","2016-10-06 23:09:02",1475795283000,1475795342000,59000,"50.233.89.198",30990,854153670,1,-1062729170,165,3637,22,2757
"2016-10-06 23:08:03","2016-10-06 23:09:02",1475795283000,1475795342000,59000,"50.233.89.198",21707,854153670,1,-1062729170,158,3637,23,2717
"2016-10-06 23:08:03","2016-10-06 23:09:02",1475795283000,1475795342000,59000,"50.233.89.198",9459,854153670,1,-1062729170,165,3637,22,2757
"2016-10-06 23:08:03","2016-10-06 23:09:02",1475795283000,1475795342000,59000,"50.233.89.198",7774,854153670,1,-1062729170,162,3573,22,2693
"2016-10-06 23:09:03","2016-10-06 23:10:02",1475795343000,1475795402000,59000,"50.233.89.198",64002,854153670,1,-1062729170,165,3637,22,2757
"2016-10-06 23:09:03","2016-10-06 23:10:02",1475795343000,1475795402000,59000,"50.233.89.198",33669,854153670,1,-1062729170,165,3637,22,2757
"2016-10-06 23:09:03","2016-10-06 23:10:02",1475795343000,1475795402000,59000,"50.233.89.198",59324,854153670,1,-1062729170,160,3689,23,2769
"2016-10-06 23:09:03","2016-10-06 23:10:02",1475795343000,1475795402000,59000,"50.233.89.198",43328,854153670,1,-1062729170,165,3637,22,2757
"2016-10-06 23:09:03","2016-10-06 23:10:02",1475795343000,1475795402000,59000,"50.233.89.198",38463,854153670,1,-1062729170,160,3701,23,2781
"2016-10-06 23:09:03","2016-10-06 23:10:02",1475795343000,1475795402000,59000,"50.233.89.198",65211,854153670,1,-1062729170,162,3573,22,2693
"2016-10-06 23:09:03","2016-10-06 23:10:02",1475795343000,1475795402000,59000,"50.233.89.198",5729,854153670,1,-1062729170,165,3637,22,2757
"2016-10-06 23:09:03","2016-10-06 23:10:02",1475795343000,1475795402000,59000,"50.233.89.198",30278,854153670,1,-1062729170,165,3637,22,2757
"2016-10-06 23:09:03","2016-10-06 23:10:02",1475795343000,1475795402000,59000,"50.233.89.198",19513,854153670,1,-1062729170,160,3701,23,2781
"2016-10-06 23:09:03","2016-10-06 23:10:02",1475795343000,1475795402000,59000,"50.233.89.198",42012,854153670,1,-1062729170,164,3613,22,2733
"2016-10-06 23:09:03","2016-10-06 23:10:02",1475795343000,1475795402000,59000,"50.233.89.198",56430,854153670,1,-1062729170,165,3637,22,2757
"2016-10-06 23:09:03","2016-10-06 23:10:02",1475795343000,1475795402000,59000,"50.233.89.198",62210,854153670,1,-1062729170,164,3613,22,2733
"2016-10-06 23:09:03","2016-10-06 23:10:02",1475795343000,1475795402000,59000,"50.233.89.198",24389,854153670,1,-1062729170,207,3105,15,2505
"2016-10-06 23:09:03","2016-10-06 23:10:02",1475795343000,1475795402000,59000,"50.233.89.198",47276,854153670,1,-1062729170,165,3637,22,2757
"2016-10-06 23:09:03","2016-10-06 23:10:02",1475795343000,1475795402000,59000,"50.233.89.198",27172,854153670,1,-1062729170,165,3637,22,2757
"2016-10-06 23:09:03","2016-10-06 23:10:02",1475795343000,1475795402000,59000,"50.233.89.198",38500,854153670,1,-1062729170,160,3701,23,2781
"2016-10-06 23:09:03","2016-10-06 23:10:02",1475795343000,1475795402000,59000,"50.233.89.198",41121,854153670,1,-1062729170,162,3573,22,2693
"2016-10-06 23:09:03","2016-10-06 23:10:02",1475795343000,1475795402000,59000,"50.233.89.198",37040,854153670,1,-1062729170,144,4045,28,2925
"2016-10-06 23:10:03","2016-10-06 23:11:02",1475795403000,1475795462000,59000,"50.233.89.198",23414,854153670,1,-1062729170,158,3637,23,2717
"2016-10-06 23:10:03","2016-10-06 23:11:02",1475795403000,1475795462000,59000,"50.233.89.198",32878,854153670,1,-1062729170,165,3637,22,2757
"2016-10-06 23:10:03","2016-10-06 23:11:02",1475795403000,1475795462000,59000,"50.233.89.198",32160,854153670,1,-1062729170,165,3637,22,2757
"2016-10-06 23:10:03","2016-10-06 23:11:02",1475795403000,1475795462000,59000,"50.233.89.198",24389,854153670,1,-1062729170,74,596,8,276
"2016-10-06 23:10:03","2016-10-06 23:11:02",1475795403000,1475795462000,59000,"50.233.89.198",24403,854153670,1,-1062729170,165,3637,22,2757
"2016-10-06 23:10:03","2016-10-06 23:11:02",1475795403000,1475795462000,59000,"50.233.89.198",45350,854153670,1,-1062729170,165,3637,22,2757
"2016-10-06 23:10:03","2016-10-06 23:11:02",1475795403000,1475795462000,59000,"50.233.89.198",16496,854153670,1,-1062729170,165,3637,22,2757
"2016-10-06 23:10:03","2016-10-06 23:11:02",1475795403000,1475795462000,59000,"50.233.89.198",21921,854153670,1,-1062729170,165,3637,22,2757
"2016-10-06 23:10:03","2016-10-06 23:11:02",1475795403000,1475795462000,59000,"50.233.89.198",47013,854153670,1,-1062729170,165,3637,22,2757
"2016-10-06 23:10:03","2016-10-06 23:11:02",1475795403000,1475795462000,59000,"50.233.89.198",3736,854153670,1,-1062729170,160,3701,23,2781
"2016-10-06 23:10:03","2016-10-06 23:11:02",1475795403000,1475795462000,59000,"50.233.89.198",62903,854153670,1,-1062729170,165,3637,22,2757
"2016-10-06 23:10:03","2016-10-06 23:11:02",1475795403000,1475795462000,59000,"50.233.89.198",34704,854153670,1,-1062729170,165,3637,22,2757
"2016-10-06 23:10:03","2016-10-06 23:11:02",1475795403000,1475795462000,59000,"50.233.89.198",9156,854153670,1,-1062729170,165,3637,22,2757
"2016-10-06 23:10:03","2016-10-06 23:11:02",1475795403000,1475795462000,59000,"50.233.89.198",47910,854153670,1,-1062729170,160,3701,23,2781
"2016-10-06 23:10:03","2016-10-06 23:11:02",1475795403000,1475795462000,59000,"50.233.89.198",59042,854153670,1,-1062729170,160,3701,23,2781
"2016-10-06 23:10:03","2016-10-06 23:11:02",1475795403000,1475795462000,59000,"50.233.89.198",35123,854153670,1,-1062729170,160,3701,23,2781
"2016-10-06 23:10:03","2016-10-06 23:11:02",1475795403000,1475795462000,59000,"50.233.89.198",26639,854153670,1,-1062729170,165,3637,22,2757
"2016-10-06 23:10:03","2016-10-06 23:11:02",1475795403000,1475795462000,59000,"50.233.89.198",1430,854153670,1,-1062729170,165,3637,22,2757
"2016-10-06 23:10:03","2016-10-06 23:11:02",1475795403000,1475795462000,59000,"50.233.89.198",61204,854153670,1,-1062729170,207,3105,15,2505
"2016-10-06 23:10:03","2016-10-06 23:11:02",1475795403000,1475795462000,59000,"50.233.89.198",59422,854153670,1,-1062729170,165,3637,22,2757
"2016-10-06 23:11:03","2016-10-06 23:12:02",1475795463000,1475795522000,59000,"50.233.89.198",24498,854153670,1,-1062729170,165,3637,22,2757
"2016-10-06 23:11:03","2016-10-06 23:12:02",1475795463000,1475795522000,59000,"50.233.89.198",16164,854153670,1,-1062729170,165,3637,22,2757
"2016-10-06 23:11:03","2016-10-06 23:12:02",1475795463000,1475795522000,59000,"50.233.89.198",50243,854153670,1,-1062729170,165,3637,22,2757
"2016-10-06 23:11:03","2016-10-06 23:12:02",1475795463000,1475795522000,59000,"50.233.89.198",34717,854153670,1,-1062729170,160,3701,23,2781
"2016-10-06 23:11:03","2016-10-06 23:12:02",1475795463000,1475795522000,59000,"50.233.89.198",19914,854153670,1,-1062729170,165,3637,22,2757
"2016-10-06 23:11:03","2016-10-06 23:12:02",1475795463000,1475795522000,59000,"50.233.89.198",31047,854153670,1,-1062729170,165,3637,22,2757
"2016-10-06 23:11:03","2016-10-06 23:12:02",1475795463000,1475795522000,59000,"50.233.89.198",5085,854153670,1,-1062729170,165,3637,22,2757
"2016-10-06 23:11:03","2016-10-06 23:12:02",1475795463000,1475795522000,59000,"50.233.89.198",62016,854153670,1,-1062729170,165,3637,22,2757
"2016-10-06 23:11:03","2016-10-06 23:12:02",1475795463000,1475795522000,59000,"50.233.89.198",36553,854153670,1,-1062729170,160,3701,23,2781
"2016-10-06 23:11:03","2016-10-06 23:12:02",1475795463000,1475795522000,59000,"50.233.89.198",60723,854153670,1,-1062729170,165,3637,22,2757
"2016-10-06 23:11:03","2016-10-06 23:12:02",1475795463000,1475795522000,59000,"50.233.89.198",16165,854153670,1,-1062729170,165,3637,22,2757
"2016-10-06 23:11:03","2016-10-06 23:12:02",1475795463000,1475795522000,59000,"50.233.89.198",60007,854153670,1,-1062729170,160,3701,23,2781
"2016-10-06 23:11:03","2016-10-06 23:12:02",1475795463000,1475795522000,59000,"50.233.89.198",27248,854153670,1,-1062729170,165,3637,22,2757
"2016-10-06 23:11:03","2016-10-06 23:12:02",1475795463000,1475795522000,59000,"50.233.89.198",7895,854153670,1,-1062729170,160,3701,23,2781
"2016-10-06 23:11:03","2016-10-06 23:12:02",1475795463000,1475795522000,59000,"50.233.89.198",61204,854153670,1,-1062729170,74,596,8,276
"2016-10-06 23:11:03","2016-10-06 23:12:02",1475795463000,1475795522000,59000,"50.233.89.198",41649,854153670,1,-1062729170,165,3637,22,2757
"2016-10-06 23:11:03","2016-10-06 23:12:02",1475795463000,1475795522000,59000,"50.233.89.198",34554,854153670,1,-1062729170,165,3637,22,2757
"2016-10-06 23:11:03","2016-10-06 23:12:02",1475795463000,1475795522000,59000,"50.233.89.198",64660,854153670,1,-1062729170,165,3637,22,2757
"2016-10-06 23:11:03","2016-10-06 23:12:02",1475795463000,1475795522000,59000,"50.233.89.198",37574,854153670,1,-1062729170,165,3637,22,2757
"2016-10-06 23:11:03","2016-10-06 23:13:03",1475795463000,1475795583000,120000,"50.233.89.198",41143,854153670,1,-1062729170,160,3701,23,2781
"2016-10-06 23:12:03","2016-10-06 23:13:03",1475795523000,1475795583000,60000,"50.233.89.198",11417,854153670,1,-1062729170,165,3637,22,2757
"2016-10-06 23:12:03","2016-10-06 23:13:03",1475795523000,1475795583000,60000,"50.233.89.198",52380,854153670,1,-1062729170,165,3637,22,2757
"2016-10-06 23:12:03","2016-10-06 23:13:03",1475795523000,1475795583000,60000,"50.233.89.198",2314,854153670,1,-1062729170,165,3637,22,2757
"2016-10-06 23:12:03","2016-10-06 23:13:03",1475795523000,1475795583000,60000,"50.233.89.198",52296,854153670,1,-1062729170,165,3637,22,2757
"2016-10-06 23:12:03","2016-10-06 23:13:03",1475795523000,1475795583000,60000,"50.233.89.198",22289,854153670,1,-1062729170,165,3637,22,2757
"2016-10-06 23:12:03","2016-10-06 23:13:03",1475795523000,1475795583000,60000,"50.233.89.198",45768,854153670,1,-1062729170,165,3637,22,2757
"2016-10-06 23:12:03","2016-10-06 23:13:03",1475795523000,1475795583000,60000,"50.233.89.198",43778,854153670,1,-1062729170,165,3637,22,2757
"2016-10-06 23:12:03","2016-10-06 23:13:03",1475795523000,1475795583000,60000,"50.233.89.198",51570,854153670,1,-1062729170,165,3637,22,2757
"2016-10-06 23:12:03","2016-10-06 23:13:03",1475795523000,1475795583000,60000,"50.233.89.198",32793,854153670,1,-1062729170,165,3637,22,2757
"2016-10-06 23:12:03","2016-10-06 23:13:03",1475795523000,1475795583000,60000,"50.233.89.198",60308,854153670,1,-1062729170,165,3637,22,2757
"2016-10-06 23:12:03","2016-10-06 23:14:03",1475795523000,1475795643000,120000,"50.233.89.198",25219,854153670,1,-1062729170,162,3573,22,2693
"2016-10-06 23:12:03","2016-10-06 23:13:03",1475795523000,1475795583000,60000,"50.233.89.198",43618,854153670,1,-1062729170,160,3701,23,2781
"2016-10-06 23:12:03","2016-10-06 23:13:03",1475795523000,1475795583000,60000,"50.233.89.198",30021,854153670,1,-1062729170,165,3637,22,2757
"2016-10-06 23:12:03","2016-10-06 23:13:03",1475795523000,1475795583000,60000,"50.233.89.198",38039,854153670,1,-1062729170,165,3637,22,2757
"2016-10-06 23:12:03","2016-10-06 23:13:03",1475795523000,1475795583000,60000,"50.233.89.198",35147,854153670,1,-1062729170,165,3637,22,2757
"2016-10-06 23:12:03","2016-10-06 23:13:03",1475795523000,1475795583000,60000,"50.233.89.198",38840,854153670,1,-1062729170,166,3653,22,2773
"2016-10-06 23:12:03","2016-10-06 23:13:03",1475795523000,1475795583000,60000,"50.233.89.198",51932,854153670,1,-1062729170,165,3637,22,2757
"2016-10-06 23:12:03","2016-10-06 23:13:03",1475795523000,1475795583000,60000,"50.233.89.198",2164,854153670,1,-1062729170,165,3637,22,2757
"2016-10-06 23:13:03","2016-10-06 23:14:03",1475795583000,1475795643000,60000,"50.233.89.198",21258,854153670,1,-1062729170,162,3573,22,2693
"2016-10-06 23:13:03","2016-10-06 23:14:03",1475795583000,1475795643000,60000,"50.233.89.198",46141,854153670,1,-1062729170,160,3701,23,2781
"2016-10-06 23:13:03","2016-10-06 23:14:03",1475795583000,1475795643000,60000,"50.233.89.198",34816,854153670,1,-1062729170,165,3637,22,2757
"2016-10-06 23:13:03","2016-10-06 23:14:03",1475795583000,1475795643000,60000,"50.233.89.198",3856,854153670,1,-1062729170,160,3701,23,2781
"2016-10-06 23:13:03","2016-10-06 23:14:03",1475795583000,1475795643000,60000,"50.233.89.198",11724,854153670,1,-1062729170,165,3637,22,2757
"2016-10-06 23:13:03","2016-10-06 23:14:03",1475795583000,1475795643000,60000,"50.233.89.198",39795,854153670,1,-1062729170,165,3637,22,2757
"2016-10-06 23:13:03","2016-10-06 23:14:03",1475795583000,1475795643000,60000,"50.233.89.198",62676,854153670,1,-1062729170,160,3701,23,2781
"2016-10-06 23:13:03","2016-10-06 23:14:03",1475795583000,1475795643000,60000,"50.233.89.198",20593,854153670,1,-1062729170,165,3637,22,2757
"2016-10-06 23:13:03","2016-10-06 23:14:03",1475795583000,1475795643000,60000,"50.233.89.198",38442,854153670,1,-1062729170,165,3637,22,2757
"2016-10-06 23:13:03","2016-10-06 23:14:03",1475795583000,1475795643000,60000,"50.233.89.198",40703,854153670,1,-1062729170,165,3637,22,2757
"2016-10-06 23:13:03","2016-10-06 23:14:03",1475795583000,1475795643000,60000,"50.233.89.198",5392,854153670,1,-1062729170,165,3637,22,2757
"2016-10-06 23:13:03","2016-10-06 23:14:03",1475795583000,1475795643000,60000,"50.233.89.198",21897,854153670,1,-1062729170,158,3637,23,2717
"2016-10-06 23:13:03","2016-10-06 23:14:03",1475795583000,1475795643000,60000,"50.233.89.198",59148,854153670,1,-1062729170,160,3701,23,2781
"2016-10-06 23:13:03","2016-10-06 23:14:03",1475795583000,1475795643000,60000,"50.233.89.198",24763,854153670,1,-1062729170,165,3637,22,2757
"2016-10-06 23:13:03","2016-10-06 23:14:03",1475795583000,1475795643000,60000,"50.233.89.198",38504,854153670,1,-1062729170,165,3637,22,2757
"2016-10-06 23:13:03","2016-10-06 23:14:03",1475795583000,1475795643000,60000,"50.233.89.198",17091,854153670,1,-1062729170,165,3637,22,2757
"2016-10-06 23:13:03","2016-10-06 23:14:03",1475795583000,1475795643000,60000,"50.233.89.198",25435,854153670,1,-1062729170,162,3573,22,2693
"2016-10-06 23:13:03","2016-10-06 23:14:03",1475795583000,1475795643000,60000,"50.233.89.198",4110,854153670,1,-1062729170,162,3573,22,2693
"2016-10-06 23:13:03","2016-10-06 23:14:03",1475795583000,1475795643000,60000,"50.233.89.198",34625,854153670,1,-1062729170,160,3701,23,2781
"2016-10-06 23:13:03","2016-10-06 23:15:03",1475795583000,1475795703000,120000,"50.233.89.198",14459,854153670,1,-1062729170,165,3637,22,2757
"2016-10-06 23:14:03","2016-10-06 23:15:03",1475795643000,1475795703000,60000,"50.233.89.198",12673,854153670,1,-1062729170,160,3701,23,2781
"2016-10-06 23:14:03","2016-10-06 23:15:03",1475795643000,1475795703000,60000,"50.233.89.198",10140,854153670,1,-1062729170,165,3637,22,2757
"2016-10-06 23:14:03","2016-10-06 23:15:03",1475795643000,1475795703000,60000,"50.233.89.198",21117,854153670,1,-1062729170,165,3637,22,2757
"2016-10-06 23:14:03","2016-10-06 23:15:03",1475795643000,1475795703000,60000,"50.233.89.198",46298,854153670,1,-1062729170,165,3637,22,2757
"2016-10-06 23:14:03","2016-10-06 23:15:03",1475795643000,1475795703000,60000,"50.233.89.198",14165,854153670,1,-1062729170,165,3637,22,2757
"2016-10-06 23:14:03","2016-10-06 23:15:03",1475795643000,1475795703000,60000,"50.233.89.198",17271,854153670,1,-1062729170,160,3701,23,2781
"2016-10-06 23:14:03","2016-10-06 23:16:03",1475795643000,1475795763000,120000,"50.233.89.198",53354,854153670,1,-1062729170,165,3637,22,2757
"2016-10-06 23:14:03","2016-10-06 23:15:03",1475795643000,1475795703000,60000,"50.233.89.198",4231,854153670,1,-1062729170,165,3637,22,2757
"2016-10-06 23:14:03","2016-10-06 23:15:03",1475795643000,1475795703000,60000,"50.233.89.198",64605,854153670,1,-1062729170,160,3701,23,2781
"2016-10-06 23:14:03","2016-10-06 23:15:03",1475795643000,1475795703000,60000,"50.233.89.198",10116,854153670,1,-1062729170,165,3637,22,2757
"2016-10-06 23:14:03","2016-10-06 23:15:03",1475795643000,1475795703000,60000,"50.233.89.198",6497,854153670,1,-1062729170,165,3637,22,2757
"2016-10-06 23:14:03","2016-10-06 23:15:03",1475795643000,1475795703000,60000,"50.233.89.198",22215,854153670,1,-1062729170,162,3573,22,2693
"2016-10-06 23:14:03","2016-10-06 23:15:03",1475795643000,1475795703000,60000,"50.233.89.198",35668,854153670,1,-1062729170,160,3701,23,2781
"2016-10-06 23:14:03","2016-10-06 23:15:03",1475795643000,1475795703000,60000,"50.233.89.198",39500,854153670,1,-1062729170,162,3573,22,2693
"2016-10-06 23:14:03","2016-10-06 23:15:03",1475795643000,1475795703000,60000,"50.233.89.198",11305,854153670,1,-1062729170,165,3637,22,2757
"2016-10-06 23:14:03","2016-10-06 23:15:03",1475795643000,1475795703000,60000,"50.233.89.198",48516,854153670,1,-1062729170,230,5064,22,4184
"2016-10-06 23:14:03","2016-10-06 23:15:03",1475795643000,1475795703000,60000,"50.233.89.198",16523,854153670,1,-1062729170,160,3701,23,2781
"2016-10-06 23:14:03","2016-10-06 23:15:03",1475795643000,1475795703000,60000,"50.233.89.198",3066,854153670,1,-1062729170,160,3701,23,2781
"2016-10-06 23:14:03","2016-10-06 23:15:03",1475795643000,1475795703000,60000,"50.233.89.198",23539,854153670,1,-1062729170,165,3637,22,2757
"2016-10-06 23:15:03","2016-10-06 23:16:03",1475795703000,1475795763000,60000,"50.233.89.198",64190,854153670,1,-1062729170,165,3637,22,2757
"2016-10-06 23:15:03","2016-10-06 23:16:03",1475795703000,1475795763000,60000,"50.233.89.198",35305,854153670,1,-1062729170,165,3637,22,2757
"2016-10-06 23:15:03","2016-10-06 23:16:03",1475795703000,1475795763000,60000,"50.233.89.198",41587,854153670,1,-1062729170,207,3105,15,2505
"2016-10-06 23:15:03","2016-10-06 23:16:03",1475795703000,1475795763000,60000,"50.233.89.198",53801,854153670,1,-1062729170,160,3701,23,2781
"2016-10-06 23:15:03","2016-10-06 23:16:03",1475795703000,1475795763000,60000,"50.233.89.198",42710,854153670,1,-1062729170,165,3637,22,2757
"2016-10-06 23:15:03","2016-10-06 23:16:03",1475795703000,1475795763000,60000,"50.233.89.198",3002,854153670,1,-1062729170,165,3637,22,2757
"2016-10-06 23:15:03","2016-10-06 23:16:03",1475795703000,1475795763000,60000,"50.233.89.198",59021,854153670,1,-1062729170,160,3701,23,2781
"2016-10-06 23:15:03","2016-10-06 23:16:03",1475795703000,1475795763000,60000,"50.233.89.198",52099,854153670,1,-1062729170,165,3637,22,2757
"2016-10-06 23:15:03","2016-10-06 23:16:03",1475795703000,1475795763000,60000,"50.233.89.198",37429,854153670,1,-1062729170,158,3637,23,2717
"2016-10-06 23:15:03","2016-10-06 23:16:03",1475795703000,1475795763000,60000,"50.233.89.198",31922,854153670,1,-1062729170,165,3637,22,2757
"2016-10-06 23:15:03","2016-10-06 23:16:03",1475795703000,1475795763000,60000,"50.233.89.198",2428,854153670,1,-1062729170,162,3573,22,2693
"2016-10-06 23:15:03","2016-10-06 23:16:03",1475795703000,1475795763000,60000,"50.233.89.198",15800,854153670,1,-1062729170,165,3637,22,2757
"2016-10-06 23:15:03","2016-10-06 23:16:03",1475795703000,1475795763000,60000,"50.233.89.198",14276,854153670,1,-1062729170,165,3637,22,2757
"2016-10-06 23:15:03","2016-10-06 23:16:03",1475795703000,1475795763000,60000,"50.233.89.198",14783,854153670,1,-1062729170,160,3701,23,2781
"2016-10-06 23:15:03","2016-10-06 23:16:03",1475795703000,1475795763000,60000,"50.233.89.198",33856,854153670,1,-1062729170,165,3637,22,2757
"2016-10-06 23:15:03","2016-10-06 23:16:03",1475795703000,1475795763000,60000,"50.233.89.198",22348,854153670,1,-1062729170,165,3637,22,2757
"2016-10-06 23:15:03","2016-10-06 23:16:03",1475795703000,1475795763000,60000,"50.233.89.198",12350,854153670,1,-1062729170,160,3701,23,2781
"2016-10-06 23:15:03","2016-10-06 23:16:03",1475795703000,1475795763000,60000,"50.233.89.198",11992,854153670,1,-1062729170,165,3637,22,2757
"2016-10-06 23:15:03","2016-10-06 23:16:03",1475795703000,1475795763000,60000,"50.233.89.198",1721,854153670,1,-1062729170,160,3701,23,2781
"2016-10-06 23:16:03","2016-10-06 23:17:03",1475795763000,1475795823000,60000,"50.233.89.198",43213,854153670,1,-1062729170,162,3573,22,2693
"2016-10-06 23:16:03","2016-10-06 23:18:03",1475795763000,1475795883000,120000,"50.233.89.198",64408,854153670,1,-1062729170,160,3701,23,2781
"2016-10-06 23:16:03","2016-10-06 23:17:03",1475795763000,1475795823000,60000,"50.233.89.198",61161,854153670,1,-1062729170,165,3637,22,2757
"2016-10-06 23:16:03","2016-10-06 23:17:03",1475795763000,1475795823000,60000,"50.233.89.198",3202,854153670,1,-1062729170,165,3637,22,2757
"2016-10-06 23:16:03","2016-10-06 23:17:03",1475795763000,1475795823000,60000,"50.233.89.198",30634,854153670,1,-1062729170,165,3637,22,2757
"2016-10-06 23:16:03","2016-10-06 23:17:03",1475795763000,1475795823000,60000,"50.233.89.198",61305,854153670,1,-1062729170,165,3637,22,2757
"2016-10-06 23:16:03","2016-10-06 23:17:03",1475795763000,1475795823000,60000,"50.233.89.198",58457,854153670,1,-1062729170,165,3637,22,2757
"2016-10-06 23:16:03","2016-10-06 23:17:03",1475795763000,1475795823000,60000,"50.233.89.198",64899,854153670,1,-1062729170,165,3637,22,2757
"2016-10-06 23:16:03","2016-10-06 23:17:03",1475795763000,1475795823000,60000,"50.233.89.198",1543,854153670,1,-1062729170,165,3637,22,2757
"2016-10-06 23:16:03","2016-10-06 23:17:03",1475795763000,1475795823000,60000,"50.233.89.198",46830,854153670,1,-1062729170,165,3637,22,2757
"2016-10-06 23:16:03","2016-10-06 23:17:03",1475795763000,1475795823000,60000,"50.233.89.198",12841,854153670,1,-1062729170,165,3637,22,2757
"2016-10-06 23:16:03","2016-10-06 23:17:03",1475795763000,1475795823000,60000,"50.233.89.198",60018,854153670,1,-1062729170,160,3701,23,2781
"2016-10-06 23:16:03","2016-10-06 23:17:03",1475795763000,1475795823000,60000,"50.233.89.198",46711,854153670,1,-1062729170,165,3637,22,2757
"2016-10-06 23:16:03","2016-10-06 23:17:03",1475795763000,1475795823000,60000,"50.233.89.198",8825,854153670,1,-1062729170,165,3637,22,2757
"2016-10-06 23:16:03","2016-10-06 23:17:03",1475795763000,1475795823000,60000,"50.233.89.198",60094,854153670,1,-1062729170,160,3701,23,2781
"2016-10-06 23:16:03","2016-10-06 23:17:03",1475795763000,1475795823000,60000,"50.233.89.198",3826,854153670,1,-1062729170,160,3701,23,2781
"2016-10-06 23:16:03","2016-10-06 23:17:03",1475795763000,1475795823000,60000,"50.233.89.198",48062,854153670,1,-1062729170,160,3701,23,2781
"2016-10-06 23:16:03","2016-10-06 23:17:03",1475795763000,1475795823000,60000,"50.233.89.198",41587,854153670,1,-1062729170,76,532,7,252
"2016-10-06 23:16:03","2016-10-06 23:17:03",1475795763000,1475795823000,60000,"50.233.89.198",63902,854153670,1,-1062729170,165,3637,22,2757
"2016-10-06 23:16:03","2016-10-06 23:17:03",1475795763000,1475795823000,60000,"50.233.89.198",62572,854153670,1,-1062729170,165,3637,22,2757
"2016-10-06 23:17:03","2016-10-06 23:18:03",1475795823000,1475795883000,60000,"50.233.89.198",58704,854153670,1,-1062729170,165,3637,22,2757
"2016-10-06 23:17:03","2016-10-06 23:18:03",1475795823000,1475795883000,60000,"50.233.89.198",9606,854153670,1,-1062729170,70,704,10,304
"2016-10-06 23:17:03","2016-10-06 23:18:03",1475795823000,1475795883000,60000,"50.233.89.198",52453,854153670,1,-1062729170,165,3637,22,2757
"2016-10-06 23:17:03","2016-10-06 23:18:03",1475795823000,1475795883000,60000,"50.233.89.198",24429,854153670,1,-1062729170,165,3637,22,2757
"2016-10-06 23:17:03","2016-10-06 23:18:03",1475795823000,1475795883000,60000,"50.233.89.198",64825,854153670,1,-1062729170,165,3637,22,2757
"2016-10-06 23:17:03","2016-10-06 23:18:03",1475795823000,1475795883000,60000,"50.233.89.198",5311,854153670,1,-1062729170,163,3757,23,2837
"2016-10-06 23:17:03","2016-10-06 23:18:03",1475795823000,1475795883000,60000,"50.233.89.198",12644,854153670,1,-1062729170,165,3637,22,2757
"2016-10-06 23:17:03","2016-10-06 23:18:03",1475795823000,1475795883000,60000,"50.233.89.198",36125,854153670,1,-1062729170,165,3637,22,2757
"2016-10-06 23:17:03","2016-10-06 23:18:03",1475795823000,1475795883000,60000,"50.233.89.198",15584,854153670,1,-1062729170,160,3701,23,2781
"2016-10-06 23:17:03","2016-10-06 23:18:03",1475795823000,1475795883000,60000,"50.233.89.198",56752,854153670,1,-1062729170,160,3701,23,2781
"2016-10-06 23:17:03","2016-10-06 23:18:03",1475795823000,1475795883000,60000,"50.233.89.198",37714,854153670,1,-1062729170,165,3637,22,2757
"2016-10-06 23:17:03","2016-10-06 23:19:03",1475795823000,1475795943000,120000,"50.233.89.198",34412,854153670,1,-1062729170,165,3637,22,2757
"2016-10-06 23:17:03","2016-10-06 23:18:03",1475795823000,1475795883000,60000,"50.233.89.198",65324,854153670,1,-1062729170,165,3637,22,2757
"2016-10-06 23:17:03","2016-10-06 23:18:03",1475795823000,1475795883000,60000,"50.233.89.198",16464,854153670,1,-1062729170,165,3637,22,2757
"2016-10-06 23:17:03","2016-10-06 23:18:03",1475795823000,1475795883000,60000,"50.233.89.198",29541,854153670,1,-1062729170,165,3637,22,2757
"2016-10-06 23:17:03","2016-10-06 23:18:03",1475795823000,1475795883000,60000,"50.233.89.198",6616,854153670,1,-1062729170,165,3637,22,2757
"2016-10-06 23:17:03","2016-10-06 23:18:03",1475795823000,1475795883000,60000,"50.233.89.198",33379,854153670,1,-1062729170,165,3637,22,2757
"2016-10-06 23:17:03","2016-10-06 23:18:03",1475795823000,1475795883000,60000,"50.233.89.198",13250,854153670,1,-1062729170,165,3637,22,2757
"2016-10-06 23:17:03","2016-10-06 23:18:03",1475795823000,1475795883000,60000,"50.233.89.198",36670,854153670,1,-1062729170,158,3637,23,2717
"2016-10-06 23:17:03","2016-10-06 23:18:03",1475795823000,1475795883000,60000,"50.233.89.198",40385,854153670,1,-1062729170,160,3701,23,2781
"2016-10-06 23:18:03","2016-10-06 23:19:03",1475795883000,1475795943000,60000,"50.233.89.198",38065,854153670,1,-1062729170,162,3573,22,2693
"2016-10-06 23:18:03","2016-10-06 23:19:03",1475795883000,1475795943000,60000,"50.233.89.198",2175,854153670,1,-1062729170,160,3701,23,2781
"2016-10-06 23:18:03","2016-10-06 23:19:03",1475795883000,1475795943000,60000,"50.233.89.198",11841,854153670,1,-1062729170,165,3637,22,2757
"2016-10-06 23:18:03","2016-10-06 23:19:03",1475795883000,1475795943000,60000,"50.233.89.198",38714,854153670,1,-1062729170,165,3637,22,2757
"2016-10-06 23:18:03","2016-10-06 23:19:03",1475795883000,1475795943000,60000,"50.233.89.198",34362,854153670,1,-1062729170,160,3701,23,2781
"2016-10-06 23:18:03","2016-10-06 23:19:03",1475795883000,1475795943000,60000,"50.233.89.198",26729,854153670,1,-1062729170,161,4201,26,3161
"2016-10-06 23:18:03","2016-10-06 23:19:03",1475795883000,1475795943000,60000,"50.233.89.198",49773,854153670,1,-1062729170,165,3637,22,2757
"2016-10-06 23:18:03","2016-10-06 23:19:03",1475795883000,1475795943000,60000,"50.233.89.198",29855,854153670,1,-1062729170,165,3637,22,2757
"2016-10-06 23:18:03","2016-10-06 23:19:03",1475795883000,1475795943000,60000,"50.233.89.198",9963,854153670,1,-1062729170,165,3637,22,2757
"2016-10-06 23:18:03","2016-10-06 23:19:03",1475795883000,1475795943000,60000,"50.233.89.198",60516,854153670,1,-1062729170,156,3909,25,2909
"2016-10-06 23:18:03","2016-10-06 23:19:03",1475795883000,1475795943000,60000,"50.233.89.198",32194,854153670,1,-1062729170,165,3637,22,2757
"2016-10-06 23:18:03","2016-10-06 23:19:03",1475795883000,1475795943000,60000,"50.233.89.198",60882,854153670,1,-1062729170,165,3637,22,2757
"2016-10-06 23:18:03","2016-10-06 23:19:03",1475795883000,1475795943000,60000,"50.233.89.198",2269,854153670,1,-1062729170,165,3637,22,2757
"2016-10-06 23:18:03","2016-10-06 23:20:03",1475795883000,1475796003000,120000,"50.233.89.198",17195,854153670,1,-1062729170,148,4002,27,2922
"2016-10-06 23:18:03","2016-10-06 23:19:03",1475795883000,1475795943000,60000,"50.233.89.198",1037,854153670,1,-1062729170,160,3701,23,2781
"2016-10-06 23:18:03","2016-10-06 23:19:03",1475795883000,1475795943000,60000,"50.233.89.198",15786,854153670,1,-1062729170,160,3701,23,2781
"2016-10-06 23:18:03","2016-10-06 23:19:03",1475795883000,1475795943000,60000,"50.233.89.198",34276,854153670,1,-1062729170,165,3637,22,2757
"2016-10-06 23:19:03","2016-10-06 23:20:03",1475795943000,1475796003000,60000,"50.233.89.198",50860,854153670,1,-1062729170,165,3637,22,2757
"2016-10-06 23:19:03","2016-10-06 23:20:03",1475795943000,1475796003000,60000,"50.233.89.198",28024,854153670,1,-1062729170,160,3701,23,2781
"2016-10-06 23:19:03","2016-10-06 23:20:03",1475795943000,1475796003000,60000,"50.233.89.198",23389,854153670,1,-1062729170,160,3689,23,2769
"2016-10-06 23:19:03","2016-10-06 23:20:03",1475795943000,1475796003000,60000,"50.233.89.198",61469,854153670,1,-1062729170,165,3637,22,2757
"2016-10-06 23:19:03","2016-10-06 23:20:03",1475795943000,1475796003000,60000,"50.233.89.198",63140,854153670,1,-1062729170,165,3637,22,2757
"2016-10-06 23:19:03","2016-10-06 23:20:03",1475795943000,1475796003000,60000,"50.233.89.198",2916,854153670,1,-1062729170,165,3637,22,2757
"2016-10-06 23:19:03","2016-10-06 23:20:03",1475795943000,1475796003000,60000,"50.233.89.198",15441,854153670,1,-1062729170,165,3637,22,2757
"2016-10-06 23:19:03","2016-10-06 23:20:03",1475795943000,1475796003000,60000,"50.233.89.198",56437,854153670,1,-1062729170,165,3637,22,2757
"2016-10-06 23:19:03","2016-10-06 23:20:03",1475795943000,1475796003000,60000,"50.233.89.198",7709,854153670,1,-1062729170,165,3637,22,2757
"2016-10-06 23:19:03","2016-10-06 23:20:03",1475795943000,1475796003000,60000,"50.233.89.198",39274,854153670,1,-1062729170,165,3637,22,2757
"2016-10-06 23:19:03","2016-10-06 23:20:03",1475795943000,1475796003000,60000,"50.233.89.198",41279,854153670,1,-1062729170,165,3637,22,2757
"2016-10-06 23:19:03","2016-10-06 23:20:03",1475795943000,1475796003000,60000,"50.233.89.198",4550,854153670,1,-1062729170,165,3637,22,2757
"2016-10-06 23:19:03","2016-10-06 23:20:03",1475795943000,1475796003000,60000,"50.233.89.198",57508,854153670,1,-1062729170,156,3765,24,2805
"2016-10-06 23:19:03","2016-10-06 23:20:03",1475795943000,1475796003000,60000,"50.233.89.198",16523,854153670,1,-1062729170,160,3701,23,2781
"2016-10-06 23:19:03","2016-10-06 23:20:03",1475795943000,1475796003000,60000,"50.233.89.198",41994,854153670,1,-1062729170,165,3637,22,2757
"2016-10-06 23:19:03","2016-10-06 23:20:03",1475795943000,1475796003000,60000,"50.233.89.198",22638,854153670,1,-1062729170,164,3613,22,2733
"2016-10-06 23:19:03","2016-10-06 23:21:03",1475795943000,1475796063000,120000,"50.233.89.198",55617,854153670,1,-1062729170,162,3573,22,2693
"2016-10-06 23:20:03","2016-10-06 23:21:03",1475796003000,1475796063000,60000,"50.233.89.198",57004,854153670,1,-1062729170,207,3105,15,2505
"2016-10-06 23:20:03","2016-10-06 23:21:03",1475796003000,1475796063000,60000,"50.233.89.198",13782,854153670,1,-1062729170,165,3637,22,2757
"2016-10-06 23:20:03","2016-10-06 23:21:03",1475796003000,1475796063000,60000,"50.233.89.198",3213,854153670,1,-1062729170,165,3637,22,2757
"2016-10-06 23:20:03","2016-10-06 23:21:03",1475796003000,1475796063000,60000,"50.233.89.198",17313,854153670,1,-1062729170,165,3637,22,2757
"2016-10-06 23:20:03","2016-10-06 23:21:03",1475796003000,1475796063000,60000,"50.233.89.198",21924,854153670,1,-1062729170,160,3701,23,2781
"2016-10-06 23:20:03","2016-10-06 23:21:03",1475796003000,1475796063000,60000,"50.233.89.198",36159,854153670,1,-1062729170,165,3637,22,2757
"2016-10-06 23:20:03","2016-10-06 23:21:03",1475796003000,1475796063000,60000,"50.233.89.198",27119,854153670,1,-1062729170,160,3701,23,2781
"2016-10-06 23:20:03","2016-10-06 23:21:03",1475796003000,1475796063000,60000,"50.233.89.198",57096,854153670,1,-1062729170,158,3637,23,2717
"2016-10-06 23:20:03","2016-10-06 23:21:03",1475796003000,1475796063000,60000,"50.233.89.198",25651,854153670,1,-1062729170,162,3573,22,2693
"2016-10-06 23:20:03","2016-10-06 23:21:03",1475796003000,1475796063000,60000,"50.233.89.198",5653,854153670,1,-1062729170,165,3637,22,2757
"2016-10-06 23:20:03","2016-10-06 23:21:03",1475796003000,1475796063000,60000,"50.233.89.198",24212,854153670,1,-1062729170,162,3573,22,2693
"2016-10-06 23:20:03","2016-10-06 23:21:03",1475796003000,1475796063000,60000,"50.233.89.198",32056,854153670,1,-1062729170,165,3637,22,2757
"2016-10-06 23:20:03","2016-10-06 23:21:03",1475796003000,1475796063000,60000,"50.233.89.198",27473,854153670,1,-1062729170,165,3637,22,2757
"2016-10-06 23:20:03","2016-10-06 23:21:03",1475796003000,1475796063000,60000,"50.233.89.198",58250,854153670,1,-1062729170,160,3701,23,2781
"2016-10-06 23:20:03","2016-10-06 23:21:03",1475796003000,1475796063000,60000,"50.233.89.198",13305,854153670,1,-1062729170,165,3637,22,2757
"2016-10-06 23:20:03","2016-10-06 23:21:03",1475796003000,1475796063000,60000,"50.233.89.198",10298,854153670,1,-1062729170,165,3637,22,2757
"2016-10-06 23:20:03","2016-10-06 23:21:03",1475796003000,1475796063000,60000,"50.233.89.198",34049,854153670,1,-1062729170,160,3701,23,2781
"2016-10-06 23:20:03","2016-10-06 23:21:03",1475796003000,1475796063000,60000,"50.233.89.198",21058,854153670,1,-1062729170,165,3637,22,2757
"2016-10-06 23:20:03","2016-10-06 23:21:03",1475796003000,1475796063000,60000,"50.233.89.198",40926,854153670,1,-1062729170,160,3701,23,2781
"2016-10-06 23:21:03","2016-10-06 23:22:03",1475796063000,1475796123000,60000,"50.233.89.198",57279,854153670,1,-1062729170,165,3637,22,2757
"2016-10-06 23:21:03","2016-10-06 23:22:03",1475796063000,1475796123000,60000,"50.233.89.198",57004,854153670,1,-1062729170,76,532,7,252
"2016-10-06 23:21:03","2016-10-06 23:22:03",1475796063000,1475796123000,60000,"50.233.89.198",30244,854153670,1,-1062729170,165,3637,22,2757
"2016-10-06 23:21:03","2016-10-06 23:23:03",1475796063000,1475796183000,120000,"50.233.89.198",40968,854153670,1,-1062729170,165,3637,22,2757
"2016-10-06 23:21:03","2016-10-06 23:22:03",1475796063000,1475796123000,60000,"50.233.89.198",36810,854153670,1,-1062729170,162,3573,22,2693
"2016-10-06 23:21:03","2016-10-06 23:22:03",1475796063000,1475796123000,60000,"50.233.89.198",20261,854153670,1,-1062729170,158,3637,23,2717
"2016-10-06 23:21:03","2016-10-06 23:22:03",1475796063000,1475796123000,60000,"50.233.89.198",2723,854153670,1,-1062729170,165,3637,22,2757
"2016-10-06 23:21:03","2016-10-06 23:22:03",1475796063000,1475796123000,60000,"50.233.89.198",2239,854153670,1,-1062729170,165,3637,22,2757
"2016-10-06 23:21:03","2016-10-06 23:22:03",1475796063000,1475796123000,60000,"50.233.89.198",31293,854153670,1,-1062729170,165,3637,22,2757
"2016-10-06 23:21:03","2016-10-06 23:22:03",1475796063000,1475796123000,60000,"50.233.89.198",60651,854153670,1,-1062729170,165,3637,22,2757
"2016-10-06 23:21:03","2016-10-06 23:22:03",1475796063000,1475796123000,60000,"50.233.89.198",8182,854153670,1,-1062729170,160,3701,23,2781
"2016-10-06 23:21:03","2016-10-06 23:22:03",1475796063000,1475796123000,60000,"50.233.89.198",64694,854153670,1,-1062729170,160,3701,23,2781
"2016-10-06 23:21:03","2016-10-06 23:22:03",1475796063000,1475796123000,60000,"50.233.89.198",42478,854153670,1,-1062729170,160,3701,23,2781
"2016-10-06 23:21:03","2016-10-06 23:22:03",1475796063000,1475796123000,60000,"50.233.89.198",57491,854153670,1,-1062729170,165,3637,22,2757
"2016-10-06 23:21:03","2016-10-06 23:22:03",1475796063000,1475796123000,60000,"50.233.89.198",15797,854153670,1,-1062729170,165,3637,22,2757
"2016-10-06 23:21:03","2016-10-06 23:22:03",1475796063000,1475796123000,60000,"50.233.89.198",4135,854153670,1,-1062729170,160,3701,23,2781
"2016-10-06 23:21:03","2016-10-06 23:22:03",1475796063000,1475796123000,60000,"50.233.89.198",38236,854153670,1,-1062729170,160,3701,23,2781
"2016-10-06 23:21:03","2016-10-06 23:22:03",1475796063000,1475796123000,60000,"50.233.89.198",31663,854153670,1,-1062729170,165,3637,22,2757
"2016-10-06 23:21:03","2016-10-06 23:22:03",1475796063000,1475796123000,60000,"50.233.89.198",41592,854153670,1,-1062729170,165,3637,22,2757
"2016-10-06 23:21:03","2016-10-06 23:22:03",1475796063000,1475796123000,60000,"50.233.89.198",52020,854153670,1,-1062729170,162,3573,22,2693
"2016-10-06 23:21:03","2016-10-06 23:22:03",1475796063000,1475796123000,60000,"50.233.89.198",23772,854153670,1,-1062729170,165,3637,22,2757
"2016-10-06 23:22:03","2016-10-06 23:23:03",1475796123000,1475796183000,60000,"50.233.89.198",52134,854153670,1,-1062729170,165,3637,22,2757
"2016-10-06 23:22:03","2016-10-06 23:23:03",1475796123000,1475796183000,60000,"50.233.89.198",16527,854153670,1,-1062729170,165,3637,22,2757
"2016-10-06 23:22:03","2016-10-06 23:23:03",1475796123000,1475796183000,60000,"50.233.89.198",7048,854153670,1,-1062729170,165,3637,22,2757
"2016-10-06 23:22:03","2016-10-06 23:23:03",1475796123000,1475796183000,60000,"50.233.89.198",49989,854153670,1,-1062729170,165,3637,22,2757
"2016-10-06 23:22:03","2016-10-06 23:24:03",1475796123000,1475796243000,120000,"50.233.89.198",10211,854153670,1,-1062729170,158,3637,23,2717
"2016-10-06 23:22:03","2016-10-06 23:23:03",1475796123000,1475796183000,60000,"50.233.89.198",34119,854153670,1,-1062729170,165,3637,22,2757
"2016-10-06 23:22:03","2016-10-06 23:23:03",1475796123000,1475796183000,60000,"50.233.89.198",29179,854153670,1,-1062729170,158,3637,23,2717
"2016-10-06 23:22:03","2016-10-06 23:23:03",1475796123000,1475796183000,60000,"50.233.89.198",30326,854153670,1,-1062729170,158,3637,23,2717
"2016-10-06 23:22:03","2016-10-06 23:23:03",1475796123000,1475796183000,60000,"50.233.89.198",31853,854153670,1,-1062729170,160,3701,23,2781
"2016-10-06 23:22:03","2016-10-06 23:23:03",1475796123000,1475796183000,60000,"50.233.89.198",54798,854153670,1,-1062729170,160,3701,23,2781
"2016-10-06 23:22:03","2016-10-06 23:23:03",1475796123000,1475796183000,60000,"50.233.89.198",30469,854153670,1,-1062729170,165,3637,22,2757
"2016-10-06 23:22:03","2016-10-06 23:23:03",1475796123000,1475796183000,60000,"50.233.89.198",5888,854153670,1,-1062729170,165,3637,22,2757
"2016-10-06 23:22:03","2016-10-06 23:23:03",1475796123000,1475796183000,60000,"50.233.89.198",10277,854153670,1,-1062729170,165,3637,22,2757
"2016-10-06 23:22:03","2016-10-06 23:23:03",1475796123000,1475796183000,60000,"50.233.89.198",30411,854153670,1,-1062729170,165,3637,22,2757
"2016-10-06 23:22:03","2016-10-06 23:23:03",1475796123000,1475796183000,60000,"50.233.89.198",30922,854153670,1,-1062729170,165,3637,22,2757
"2016-10-06 23:22:03","2016-10-06 23:23:03",1475796123000,1475796183000,60000,"50.233.89.198",16850,854153670,1,-1062729170,158,3637,23,2717
"2016-10-06 23:22:03","2016-10-06 23:23:03",1475796123000,1475796183000,60000,"50.233.89.198",20477,854153670,1,-1062729170,165,3637,22,2757
"2016-10-06 23:22:03","2016-10-06 23:23:03",1475796123000,1475796183000,60000,"50.233.89.198",33189,854153670,1,-1062729170,165,3637,22,2757
"2016-10-06 23:22:03","2016-10-06 23:23:03",1475796123000,1475796183000,60000,"50.233.89.198",60388,854153670,1,-1062729170,160,3701,23,2781
"2016-10-06 23:22:03","2016-10-06 23:23:03",1475796123000,1475796183000,60000,"50.233.89.198",3411,854153670,1,-1062729170,162,3573,22,2693
"2016-10-06 23:23:03","2016-10-06 23:24:03",1475796183000,1475796243000,60000,"50.233.89.198",42778,854153670,1,-1062729170,165,3637,22,2757
"2016-10-06 23:23:03","2016-10-06 23:24:03",1475796183000,1475796243000,60000,"50.233.89.198",46142,854153670,1,-1062729170,165,3637,22,2757
"2016-10-06 23:23:03","2016-10-06 23:24:03",1475796183000,1475796243000,60000,"50.233.89.198",16991,854153670,1,-1062729170,162,3573,22,2693
"2016-10-06 23:23:03","2016-10-06 23:25:03",1475796183000,1475796303000,120000,"50.233.89.198",10649,854153670,1,-1062729170,160,3689,23,2769
"2016-10-06 23:23:03","2016-10-06 23:24:03",1475796183000,1475796243000,60000,"50.233.89.198",62836,854153670,1,-1062729170,158,3637,23,2717
"2016-10-06 23:23:03","2016-10-06 23:24:03",1475796183000,1475796243000,60000,"50.233.89.198",14932,854153670,1,-1062729170,165,3637,22,2757
"2016-10-06 23:23:03","2016-10-06 23:24:03",1475796183000,1475796243000,60000,"50.233.89.198",26012,854153670,1,-1062729170,162,3573,22,2693
"2016-10-06 23:23:03","2016-10-06 23:24:03",1475796183000,1475796243000,60000,"50.233.89.198",54227,854153670,1,-1062729170,160,3701,23,2781
"2016-10-06 23:23:03","2016-10-06 23:24:03",1475796183000,1475796243000,60000,"50.233.89.198",23913,854153670,1,-1062729170,165,3637,22,2757
"2016-10-06 23:23:03","2016-10-06 23:24:03",1475796183000,1475796243000,60000,"50.233.89.198",29308,854153670,1,-1062729170,165,3637,22,2757
"2016-10-06 23:23:03","2016-10-06 23:24:03",1475796183000,1475796243000,60000,"50.233.89.198",18905,854153670,1,-1062729170,165,3637,22,2757
"2016-10-06 23:23:03","2016-10-06 23:24:03",1475796183000,1475796243000,60000,"50.233.89.198",3363,854153670,1,-1062729170,160,3701,23,2781
"2016-10-06 23:23:03","2016-10-06 23:24:03",1475796183000,1475796243000,60000,"50.233.89.198",44576,854153670,1,-1062729170,162,3573,22,2693
"2016-10-06 23:23:03","2016-10-06 23:24:03",1475796183000,1475796243000,60000,"50.233.89.198",11440,854153670,1,-1062729170,162,3573,22,2693
"2016-10-06 23:23:03","2016-10-06 23:24:03",1475796183000,1475796243000,60000,"50.233.89.198",4876,854153670,1,-1062729170,165,3637,22,2757
"2016-10-06 23:23:03","2016-10-06 23:24:03",1475796183000,1475796243000,60000,"50.233.89.198",41570,854153670,1,-1062729170,162,3573,22,2693
"2016-10-06 23:23:03","2016-10-06 23:24:03",1475796183000,1475796243000,60000,"50.233.89.198",53375,854153670,1,-1062729170,160,3701,23,2781
"2016-10-06 23:23:03","2016-10-06 23:24:03",1475796183000,1475796243000,60000,"50.233.89.198",30153,854153670,1,-1062729170,165,3637,22,2757
"2016-10-06 23:24:03","2016-10-06 23:25:03",1475796243000,1475796303000,60000,"50.233.89.198",60783,854153670,1,-1062729170,162,3573,22,2693
"2016-10-06 23:24:03","2016-10-06 23:25:03",1475796243000,1475796303000,60000,"50.233.89.198",34314,854153670,1,-1062729170,165,3637,22,2757
"2016-10-06 23:24:03","2016-10-06 23:25:03",1475796243000,1475796303000,60000,"50.233.89.198",65124,854153670,1,-1062729170,165,3637,22,2757
"2016-10-06 23:24:03","2016-10-06 23:25:03",1475796243000,1475796303000,60000,"50.233.89.198",1941,854153670,1,-1062729170,165,3637,22,2757
"2016-10-06 23:24:03","2016-10-06 23:25:03",1475796243000,1475796303000,60000,"50.233.89.198",29360,854153670,1,-1062729170,162,3573,22,2693
"2016-10-06 23:24:03","2016-10-06 23:26:03",1475796243000,1475796363000,120000,"50.233.89.198",43157,854153670,1,-1062729170,165,3637,22,2757
"2016-10-06 23:24:03","2016-10-06 23:25:03",1475796243000,1475796303000,60000,"50.233.89.198",51915,854153670,1,-1062729170,160,3701,23,2781
"2016-10-06 23:24:03","2016-10-06 23:25:03",1475796243000,1475796303000,60000,"50.233.89.198",47111,854153670,1,-1062729170,165,3637,22,2757
"2016-10-06 23:24:03","2016-10-06 23:25:03",1475796243000,1475796303000,60000,"50.233.89.198",9046,854153670,1,-1062729170,160,3701,23,2781
"2016-10-06 23:24:03","2016-10-06 23:25:03",1475796243000,1475796303000,60000,"50.233.89.198",30013,854153670,1,-1062729170,165,3637,22,2757
"2016-10-06 23:24:03","2016-10-06 23:25:03",1475796243000,1475796303000,60000,"50.233.89.198",49935,854153670,1,-1062729170,160,3701,23,2781
"2016-10-06 23:24:03","2016-10-06 23:25:03",1475796243000,1475796303000,60000,"50.233.89.198",53216,854153670,1,-1062729170,165,3637,22,2757
"2016-10-06 23:24:03","2016-10-06 23:25:03",1475796243000,1475796303000,60000,"50.233.89.198",1762,854153670,1,-1062729170,165,3637,22,2757
"2016-10-06 23:24:03","2016-10-06 23:25:03",1475796243000,1475796303000,60000,"50.233.89.198",59843,854153670,1,-1062729170,160,3701,23,2781
"2016-10-06 23:24:03","2016-10-06 23:25:03",1475796243000,1475796303000,60000,"50.233.89.198",12420,854153670,1,-1062729170,165,3637,22,2757
"2016-10-06 23:24:03","2016-10-06 23:25:03",1475796243000,1475796303000,60000,"50.233.89.198",42520,854153670,1,-1062729170,162,3573,22,2693
"2016-10-06 23:24:03","2016-10-06 23:25:03",1475796243000,1475796303000,60000,"50.233.89.198",59677,854153670,1,-1062729170,165,3637,22,2757
"2016-10-06 23:24:03","2016-10-06 23:25:03",1475796243000,1475796303000,60000,"50.233.89.198",20253,854153670,1,-1062729170,165,3637,22,2757
"2016-10-06 23:25:03","2016-10-06 23:26:03",1475796303000,1475796363000,60000,"50.233.89.198",43182,854153670,1,-1062729170,165,3637,22,2757
"2016-10-06 23:25:03","2016-10-06 23:26:03",1475796303000,1475796363000,60000,"50.233.89.198",5764,854153670,1,-1062729170,165,3637,22,2757
"2016-10-06 23:25:03","2016-10-06 23:26:03",1475796303000,1475796363000,60000,"50.233.89.198",16888,854153670,1,-1062729170,166,3837,23,2917
"2016-10-06 23:25:03","2016-10-06 23:26:03",1475796303000,1475796363000,60000,"50.233.89.198",49802,854153670,1,-1062729170,165,3637,22,2757
"2016-10-06 23:25:03","2016-10-06 23:26:03",1475796303000,1475796363000,60000,"50.233.89.198",28036,854153670,1,-1062729170,165,3637,22,2757
"2016-10-06 23:25:03","2016-10-06 23:26:03",1475796303000,1475796363000,60000,"50.233.89.198",44737,854153670,1,-1062729170,165,3637,22,2757
"2016-10-06 23:25:03","2016-10-06 23:26:03",1475796303000,1475796363000,60000,"50.233.89.198",19513,854153670,1,-1062729170,162,3573,22,2693
"2016-10-06 23:25:03","2016-10-06 23:26:03",1475796303000,1475796363000,60000,"50.233.89.198",25716,854153670,1,-1062729170,156,3765,24,2805
"2016-10-06 23:25:03","2016-10-06 23:26:03",1475796303000,1475796363000,60000,"50.233.89.198",32391,854153670,1,-1062729170,202,3041,15,2441
"2016-10-06 23:25:03","2016-10-06 23:26:03",1475796303000,1475796363000,60000,"50.233.89.198",6715,854153670,1,-1062729170,165,3637,22,2757
"2016-10-06 23:25:03","2016-10-06 23:26:03",1475796303000,1475796363000,60000,"50.233.89.198",3694,854153670,1,-1062729170,160,3689,23,2769
"2016-10-06 23:25:03","2016-10-06 23:26:03",1475796303000,1475796363000,60000,"50.233.89.198",38137,854153670,1,-1062729170,165,3637,22,2757
"2016-10-06 23:25:03","2016-10-06 23:26:03",1475796303000,1475796363000,60000,"50.233.89.198",11089,854153670,1,-1062729170,165,3637,22,2757
"2016-10-06 23:25:03","2016-10-06 23:26:03",1475796303000,1475796363000,60000,"50.233.89.198",16985,854153670,1,-1062729170,160,3701,23,2781
"2016-10-06 23:25:03","2016-10-06 23:26:03",1475796303000,1475796363000,60000,"50.233.89.198",49131,854153670,1,-1062729170,165,3637,22,2757
"2016-10-06 23:25:03","2016-10-06 23:26:03",1475796303000,1475796363000,60000,"50.233.89.198",31569,854153670,1,-1062729170,165,3637,22,2757
"2016-10-06 23:25:03","2016-10-06 23:26:03",1475796303000,1475796363000,60000,"50.233.89.198",27449,854153670,1,-1062729170,165,3637,22,2757
"2016-10-06 23:25:03","2016-10-06 23:26:03",1475796303000,1475796363000,60000,"50.233.89.198",26828,854153670,1,-1062729170,165,3637,22,2757
"2016-10-06 23:25:03","2016-10-06 23:26:03",1475796303000,1475796363000,60000,"50.233.89.198",24070,854153670,1,-1062729170,165,3637,22,2757
"2016-10-06 23:26:03","2016-10-06 23:27:03",1475796363000,1475796423000,60000,"50.233.89.198",1845,854153670,1,-1062729170,165,3637,22,2757
"2016-10-06 23:26:03","2016-10-06 23:27:03",1475796363000,1475796423000,60000,"50.233.89.198",37182,854153670,1,-1062729170,165,3637,22,2757
"2016-10-06 23:26:03","2016-10-06 23:27:03",1475796363000,1475796423000,60000,"50.233.89.198",37012,854153670,1,-1062729170,165,3637,22,2757
"2016-10-06 23:26:03","2016-10-06 23:27:03",1475796363000,1475796423000,60000,"50.233.89.198",3886,854153670,1,-1062729170,160,3701,23,2781
"2016-10-06 23:26:03","2016-10-06 23:28:03",1475796363000,1475796483000,120000,"50.233.89.198",46113,854153670,1,-1062729170,165,3637,22,2757
"2016-10-06 23:26:03","2016-10-06 23:27:03",1475796363000,1475796423000,60000,"50.233.89.198",51443,854153670,1,-1062729170,165,3637,22,2757
"2016-10-06 23:26:03","2016-10-06 23:27:03",1475796363000,1475796423000,60000,"50.233.89.198",29711,854153670,1,-1062729170,165,3637,22,2757
"2016-10-06 23:26:03","2016-10-06 23:27:03",1475796363000,1475796423000,60000,"50.233.89.198",22014,854153670,1,-1062729170,165,3637,22,2757
"2016-10-06 23:26:03","2016-10-06 23:27:03",1475796363000,1475796423000,60000,"50.233.89.198",42194,854153670,1,-1062729170,165,3637,22,2757
"2016-10-06 23:26:03","2016-10-06 23:27:03",1475796363000,1475796423000,60000,"50.233.89.198",7689,854153670,1,-1062729170,160,3701,23,2781
"2016-10-06 23:26:03","2016-10-06 23:27:03",1475796363000,1475796423000,60000,"50.233.89.198",50587,854153670,1,-1062729170,165,3637,22,2757
"2016-10-06 23:26:03","2016-10-06 23:27:03",1475796363000,1475796423000,60000,"50.233.89.198",38832,854153670,1,-1062729170,165,3637,22,2757
"2016-10-06 23:26:03","2016-10-06 23:27:03",1475796363000,1475796423000,60000,"50.233.89.198",34853,854153670,1,-1062729170,156,3765,24,2805
"2016-10-06 23:26:03","2016-10-06 23:27:03",1475796363000,1475796423000,60000,"50.233.89.198",38431,854153670,1,-1062729170,156,3765,24,2805
"2016-10-06 23:26:03","2016-10-06 23:27:03",1475796363000,1475796423000,60000,"50.233.89.198",32391,854153670,1,-1062729170,76,532,7,252
"2016-10-06 23:26:03","2016-10-06 23:27:03",1475796363000,1475796423000,60000,"50.233.89.198",4420,854153670,1,-1062729170,165,3637,22,2757
"2016-10-06 23:26:03","2016-10-06 23:27:03",1475796363000,1475796423000,60000,"50.233.89.198",25747,854153670,1,-1062729170,165,3637,22,2757
"2016-10-06 23:26:03","2016-10-06 23:27:03",1475796363000,1475796423000,60000,"50.233.89.198",12965,854153670,1,-1062729170,165,3637,22,2757
"2016-10-06 23:26:03","2016-10-06 23:27:03",1475796363000,1475796423000,60000,"50.233.89.198",46912,854153670,1,-1062729170,165,3637,22,2757
"2016-10-06 23:26:03","2016-10-06 23:27:03",1475796363000,1475796423000,60000,"50.233.89.198",42887,854153670,1,-1062729170,160,3701,23,2781
"2016-10-06 23:27:03","2016-10-06 23:28:03",1475796423000,1475796483000,60000,"50.233.89.198",63226,854153670,1,-1062729170,158,3637,23,2717
"2016-10-06 23:27:03","2016-10-06 23:28:03",1475796423000,1475796483000,60000,"50.233.89.198",11245,854153670,1,-1062729170,160,3701,23,2781
"2016-10-06 23:27:03","2016-10-06 23:28:03",1475796423000,1475796483000,60000,"50.233.89.198",31885,854153670,1,-1062729170,160,3701,23,2781
"2016-10-06 23:27:03","2016-10-06 23:28:03",1475796423000,1475796483000,60000,"50.233.89.198",29759,854153670,1,-1062729170,160,3689,23,2769
"2016-10-06 23:27:03","2016-10-06 23:28:03",1475796423000,1475796483000,60000,"50.233.89.198",3172,854153670,1,-1062729170,156,4229,27,3149
"2016-10-06 23:27:03","2016-10-06 23:28:03",1475796423000,1475796483000,60000,"50.233.89.198",7241,854153670,1,-1062729170,156,3765,24,2805
"2016-10-06 23:27:03","2016-10-06 23:28:03",1475796423000,1475796483000,60000,"50.233.89.198",46129,854153670,1,-1062729170,160,3689,23,2769
"2016-10-06 23:27:03","2016-10-06 23:28:03",1475796423000,1475796483000,60000,"50.233.89.198",11659,854153670,1,-1062729170,160,3701,23,2781
"2016-10-06 23:27:03","2016-10-06 23:28:03",1475796423000,1475796483000,60000,"50.233.89.198",14903,854153670,1,-1062729170,160,3701,23,2781
"2016-10-06 23:27:03","2016-10-06 23:28:03",1475796423000,1475796483000,60000,"50.233.89.198",38019,854153670,1,-1062729170,165,3637,22,2757
"2016-10-06 23:27:03","2016-10-06 23:29:03",1475796423000,1475796543000,120000,"50.233.89.198",49894,854153670,1,-1062729170,165,3637,22,2757
"2016-10-06 23:27:03","2016-10-06 23:28:03",1475796423000,1475796483000,60000,"50.233.89.198",11069,854153670,1,-1062729170,160,3701,23,2781
"2016-10-06 23:27:03","2016-10-06 23:28:03",1475796423000,1475796483000,60000,"50.233.89.198",48651,854153670,1,-1062729170,165,3637,22,2757
"2016-10-06 23:27:03","2016-10-06 23:28:03",1475796423000,1475796483000,60000,"50.233.89.198",57770,854153670,1,-1062729170,165,3637,22,2757
"2016-10-06 23:27:03","2016-10-06 23:28:03",1475796423000,1475796483000,60000,"50.233.89.198",33979,854153670,1,-1062729170,158,3637,23,2717
"2016-10-06 23:27:03","2016-10-06 23:28:03",1475796423000,1475796483000,60000,"50.233.89.198",31198,854153670,1,-1062729170,165,3637,22,2757
"2016-10-06 23:27:03","2016-10-06 23:28:03",1475796423000,1475796483000,60000,"50.233.89.198",61919,854153670,1,-1062729170,165,3637,22,2757
"2016-10-06 23:27:03","2016-10-06 23:28:03",1475796423000,1475796483000,60000,"50.233.89.198",50150,854153670,1,-1062729170,165,3637,22,2757
"2016-10-06 23:28:03","2016-10-06 23:29:03",1475796483000,1475796543000,60000,"50.233.89.198",19486,854153670,1,-1062729170,165,3637,22,2757
"2016-10-06 23:28:03","2016-10-06 23:29:03",1475796483000,1475796543000,60000,"50.233.89.198",52256,854153670,1,-1062729170,165,3637,22,2757
"2016-10-06 23:28:03","2016-10-06 23:29:03",1475796483000,1475796543000,60000,"50.233.89.198",17348,854153670,1,-1062729170,165,3637,22,2757
"2016-10-06 23:28:03","2016-10-06 23:29:03",1475796483000,1475796543000,60000,"50.233.89.198",59006,854153670,1,-1062729170,165,3637,22,2757
"2016-10-06 23:28:03","2016-10-06 23:29:03",1475796483000,1475796543000,60000,"50.233.89.198",49519,854153670,1,-1062729170,158,3637,23,2717
"2016-10-06 23:28:03","2016-10-06 23:29:03",1475796483000,1475796543000,60000,"50.233.89.198",46469,854153670,1,-1062729170,165,3637,22,2757
"2016-10-06 23:28:03","2016-10-06 23:29:03",1475796483000,1475796543000,60000,"50.233.89.198",59970,854153670,1,-1062729170,162,3573,22,2693
"2016-10-06 23:28:03","2016-10-06 23:29:03",1475796483000,1475796543000,60000,"50.233.89.198",41991,854153670,1,-1062729170,165,3637,22,2757
"2016-10-06 23:28:03","2016-10-06 23:29:03",1475796483000,1475796543000,60000,"50.233.89.198",27842,854153670,1,-1062729170,160,3701,23,2781
"2016-10-06 23:28:03","2016-10-06 23:29:03",1475796483000,1475796543000,60000,"50.233.89.198",31264,854153670,1,-1062729170,165,3637,22,2757
"2016-10-06 23:28:03","2016-10-06 23:29:03",1475796483000,1475796543000,60000,"50.233.89.198",51885,854153670,1,-1062729170,158,3653,23,2733
"2016-10-06 23:28:03","2016-10-06 23:29:03",1475796483000,1475796543000,60000,"50.233.89.198",39670,854153670,1,-1062729170,165,3637,22,2757
"2016-10-06 23:28:03","2016-10-06 23:29:03",1475796483000,1475796543000,60000,"50.233.89.198",43888,854153670,1,-1062729170,165,3637,22,2757
"2016-10-06 23:28:03","2016-10-06 23:29:03",1475796483000,1475796543000,60000,"50.233.89.198",21776,854153670,1,-1062729170,165,3637,22,2757
"2016-10-06 23:28:03","2016-10-06 23:29:03",1475796483000,1475796543000,60000,"50.233.89.198",44620,854153670,1,-1062729170,162,3573,22,2693
"2016-10-06 23:28:03","2016-10-06 23:29:03",1475796483000,1475796543000,60000,"50.233.89.198",43256,854153670,1,-1062729170,160,3701,23,2781
"2016-10-06 23:28:03","2016-10-06 23:29:03",1475796483000,1475796543000,60000,"50.233.89.198",29087,854153670,1,-1062729170,165,3637,22,2757
"2016-10-06 23:28:03","2016-10-06 23:30:03",1475796483000,1475796603000,120000,"50.233.89.198",45356,854153670,1,-1062729170,165,3637,22,2757
"2016-10-06 23:28:03","2016-10-06 23:29:03",1475796483000,1475796543000,60000,"50.233.89.198",65511,854153670,1,-1062729170,160,3701,23,2781
"2016-10-06 23:28:03","2016-10-06 23:29:03",1475796483000,1475796543000,60000,"50.233.89.198",12089,854153670,1,-1062729170,165,3637,22,2757
"2016-10-06 23:29:03","2016-10-06 23:30:03",1475796543000,1475796603000,60000,"50.233.89.198",12037,854153670,1,-1062729170,160,3701,23,2781
"2016-10-06 23:29:03","2016-10-06 23:30:03",1475796543000,1475796603000,60000,"50.233.89.198",58837,854153670,1,-1062729170,165,3637,22,2757
"2016-10-06 23:29:03","2016-10-06 23:30:03",1475796543000,1475796603000,60000,"50.233.89.198",42493,854153670,1,-1062729170,165,3637,22,2757
"2016-10-06 23:29:03","2016-10-06 23:30:03",1475796543000,1475796603000,60000,"50.233.89.198",63144,854153670,1,-1062729170,160,3701,23,2781
"2016-10-06 23:29:03","2016-10-06 23:30:03",1475796543000,1475796603000,60000,"50.233.89.198",48547,854153670,1,-1062729170,160,3701,23,2781
"2016-10-06 23:29:03","2016-10-06 23:30:03",1475796543000,1475796603000,60000,"50.233.89.198",64133,854153670,1,-1062729170,207,3105,15,2505
"2016-10-06 23:29:03","2016-10-06 23:30:03",1475796543000,1475796603000,60000,"50.233.89.198",50594,854153670,1,-1062729170,160,3701,23,2781
"2016-10-06 23:29:03","2016-10-06 23:30:03",1475796543000,1475796603000,60000,"50.233.89.198",40855,854153670,1,-1062729170,160,3701,23,2781
"2016-10-06 23:29:03","2016-10-06 23:30:03",1475796543000,1475796603000,60000,"50.233.89.198",15081,854153670,1,-1062729170,165,3637,22,2757
"2016-10-06 23:29:03","2016-10-06 23:30:03",1475796543000,1475796603000,60000,"50.233.89.198",29758,854153670,1,-1062729170,165,3637,22,2757
"2016-10-06 23:29:03","2016-10-06 23:30:03",1475796543000,1475796603000,60000,"50.233.89.198",15442,854153670,1,-1062729170,162,3573,22,2693
"2016-10-06 23:29:03","2016-10-06 23:30:03",1475796543000,1475796603000,60000,"50.233.89.198",2416,854153670,1,-1062729170,165,3637,22,2757
"2016-10-06 23:29:03","2016-10-06 23:30:03",1475796543000,1475796603000,60000,"50.233.89.198",10485,854153670,1,-1062729170,158,3637,23,2717
"2016-10-06 23:29:03","2016-10-06 23:30:03",1475796543000,1475796603000,60000,"50.233.89.198",42932,854153670,1,-1062729170,165,3637,22,2757
"2016-10-06 23:29:03","2016-10-06 23:30:03",1475796543000,1475796603000,60000,"50.233.89.198",52829,854153670,1,-1062729170,165,3637,22,2757
"2016-10-06 23:29:03","2016-10-06 23:30:03",1475796543000,1475796603000,60000,"50.233.89.198",41796,854153670,1,-1062729170,165,3637,22,2757
"2016-10-06 23:29:03","2016-10-06 23:30:03",1475796543000,1475796603000,60000,"50.233.89.198",43691,854153670,1,-1062729170,165,3637,22,2757
"2016-10-06 23:29:03","2016-10-06 23:30:03",1475796543000,1475796603000,60000,"50.233.89.198",2377,854153670,1,-1062729170,165,3637,22,2757
"2016-10-06 23:30:03","2016-10-06 23:31:03",1475796603000,1475796663000,60000,"50.233.89.198",55208,854153670,1,-1062729170,165,3637,22,2757
"2016-10-06 23:30:03","2016-10-06 23:31:03",1475796603000,1475796663000,60000,"50.233.89.198",22686,854153670,1,-1062729170,165,3637,22,2757
"2016-10-06 23:30:03","2016-10-06 23:31:03",1475796603000,1475796663000,60000,"50.233.89.198",30780,854153670,1,-1062729170,165,3637,22,2757
"2016-10-06 23:30:03","2016-10-06 23:31:03",1475796603000,1475796663000,60000,"50.233.89.198",62322,854153670,1,-1062729170,160,3701,23,2781
"2016-10-06 23:30:03","2016-10-06 23:31:03",1475796603000,1475796663000,60000,"50.233.89.198",61627,854153670,1,-1062729170,162,3573,22,2693
"2016-10-06 23:30:03","2016-10-06 23:31:03",1475796603000,1475796663000,60000,"50.233.89.198",46564,854153670,1,-1062729170,165,3637,22,2757
"2016-10-06 23:30:03","2016-10-06 23:31:03",1475796603000,1475796663000,60000,"50.233.89.198",42342,854153670,1,-1062729170,160,3701,23,2781
"2016-10-06 23:30:03","2016-10-06 23:31:03",1475796603000,1475796663000,60000,"50.233.89.198",15184,854153670,1,-1062729170,165,3637,22,2757
"2016-10-06 23:30:03","2016-10-06 23:31:03",1475796603000,1475796663000,60000,"50.233.89.198",39278,854153670,1,-1062729170,160,3701,23,2781
"2016-10-06 23:30:03","2016-10-06 23:31:03",1475796603000,1475796663000,60000,"50.233.89.198",9593,854153670,1,-1062729170,160,3701,23,2781
"2016-10-06 23:30:03","2016-10-06 23:31:03",1475796603000,1475796663000,60000,"50.233.89.198",64927,854153670,1,-1062729170,165,3637,22,2757
"2016-10-06 23:30:03","2016-10-06 23:31:03",1475796603000,1475796663000,60000,"50.233.89.198",31966,854153670,1,-1062729170,165,3637,22,2757
"2016-10-06 23:30:03","2016-10-06 23:31:03",1475796603000,1475796663000,60000,"50.233.89.198",49544,854153670,1,-1062729170,165,3637,22,2757
"2016-10-06 23:30:03","2016-10-06 23:31:03",1475796603000,1475796663000,60000,"50.233.89.198",64133,854153670,1,-1062729170,76,532,7,252
"2016-10-06 23:30:03","2016-10-06 23:31:03",1475796603000,1475796663000,60000,"50.233.89.198",2913,854153670,1,-1062729170,160,3701,23,2781
"2016-10-06 23:30:03","2016-10-06 23:31:03",1475796603000,1475796663000,60000,"50.233.89.198",24492,854153670,1,-1062729170,164,3613,22,2733
"2016-10-06 23:30:03","2016-10-06 23:31:03",1475796603000,1475796663000,60000,"50.233.89.198",43508,854153670,1,-1062729170,165,3637,22,2757
"2016-10-06 23:30:03","2016-10-06 23:31:03",1475796603000,1475796663000,60000,"50.233.89.198",65311,854153670,1,-1062729170,160,3689,23,2769
"2016-10-06 23:30:03","2016-10-06 23:31:03",1475796603000,1475796663000,60000,"50.233.89.198",12649,854153670,1,-1062729170,202,3041,15,2441
"2016-10-06 23:31:03","2016-10-06 23:32:03",1475796663000,1475796723000,60000,"50.233.89.198",13225,854153670,1,-1062729170,165,3637,22,2757
"2016-10-06 23:31:03","2016-10-06 23:32:03",1475796663000,1475796723000,60000,"50.233.89.198",32659,854153670,1,-1062729170,160,3701,23,2781
"2016-10-06 23:31:03","2016-10-06 23:32:03",1475796663000,1475796723000,60000,"50.233.89.198",34662,854153670,1,-1062729170,160,3701,23,2781
"2016-10-06 23:31:03","2016-10-06 23:32:03",1475796663000,1475796723000,60000,"50.233.89.198",39798,854153670,1,-1062729170,165,3637,22,2757
"2016-10-06 23:31:03","2016-10-06 23:32:03",1475796663000,1475796723000,60000,"50.233.89.198",20930,854153670,1,-1062729170,160,3701,23,2781
"2016-10-06 23:31:03","2016-10-06 23:32:03",1475796663000,1475796723000,60000,"50.233.89.198",12649,854153670,1,-1062729170,76,532,7,252
"2016-10-06 23:31:03","2016-10-06 23:32:03",1475796663000,1475796723000,60000,"50.233.89.198",2790,854153670,1,-1062729170,162,3573,22,2693
"2016-10-06 23:31:03","2016-10-06 23:32:03",1475796663000,1475796723000,60000,"50.233.89.198",6003,854153670,1,-1062729170,160,3701,23,2781
"2016-10-06 23:31:03","2016-10-06 23:32:03",1475796663000,1475796723000,60000,"50.233.89.198",3842,854153670,1,-1062729170,165,3637,22,2757
"2016-10-06 23:31:03","2016-10-06 23:32:03",1475796663000,1475796723000,60000,"50.233.89.198",53175,854153670,1,-1062729170,165,3637,22,2757
"2016-10-06 23:31:03","2016-10-06 23:33:03",1475796663000,1475796783000,120000,"50.233.89.198",40791,854153670,1,-1062729170,165,3637,22,2757
"2016-10-06 23:31:03","2016-10-06 23:32:03",1475796663000,1475796723000,60000,"50.233.89.198",36703,854153670,1,-1062729170,160,3701,23,2781
"2016-10-06 23:31:03","2016-10-06 23:32:03",1475796663000,1475796723000,60000,"50.233.89.198",14754,854153670,1,-1062729170,165,3637,22,2757
"2016-10-06 23:31:03","2016-10-06 23:32:03",1475796663000,1475796723000,60000,"50.233.89.198",23101,854153670,1,-1062729170,160,3701,23,2781
"2016-10-06 23:31:03","2016-10-06 23:32:03",1475796663000,1475796723000,60000,"50.233.89.198",33729,854153670,1,-1062729170,160,3701,23,2781
"2016-10-06 23:31:03","2016-10-06 23:32:03",1475796663000,1475796723000,60000,"50.233.89.198",64710,854153670,1,-1062729170,165,3637,22,2757
"2016-10-06 23:31:03","2016-10-06 23:32:03",1475796663000,1475796723000,60000,"50.233.89.198",3746,854153670,1,-1062729170,160,3701,23,2781
"2016-10-06 23:31:03","2016-10-06 23:32:03",1475796663000,1475796723000,60000,"50.233.89.198",4786,854153670,1,-1062729170,165,3637,22,2757
"2016-10-06 23:31:03","2016-10-06 23:32:03",1475796663000,1475796723000,60000,"50.233.89.198",40128,854153670,1,-1062729170,165,3637,22,2757
"2016-10-06 23:32:04","2016-10-06 23:33:03",1475796724000,1475796783000,59000,"50.233.89.198",50678,854153670,1,-1062729170,165,3637,22,2757
"2016-10-06 23:32:04","2016-10-06 23:33:03",1475796724000,1475796783000,59000,"50.233.89.198",47014,854153670,1,-1062729170,165,3637,22,2757
"2016-10-06 23:32:04","2016-10-06 23:33:03",1475796724000,1475796783000,59000,"50.233.89.198",49351,854153670,1,-1062729170,160,3701,23,2781
"2016-10-06 23:32:04","2016-10-06 23:33:03",1475796724000,1475796783000,59000,"50.233.89.198",23503,854153670,1,-1062729170,162,3573,22,2693
"2016-10-06 23:32:04","2016-10-06 23:33:03",1475796724000,1475796783000,59000,"50.233.89.198",46604,854153670,1,-1062729170,158,3637,23,2717
"2016-10-06 23:32:04","2016-10-06 23:33:03",1475796724000,1475796783000,59000,"50.233.89.198",23705,854153670,1,-1062729170,158,3637,23,2717
"2016-10-06 23:32:04","2016-10-06 23:33:03",1475796724000,1475796783000,59000,"50.233.89.198",14181,854153670,1,-1062729170,165,3637,22,2757
"2016-10-06 23:32:04","2016-10-06 23:34:03",1475796724000,1475796843000,119000,"50.233.89.198",23015,854153670,1,-1062729170,165,3637,22,2757
"2016-10-06 23:32:04","2016-10-06 23:33:03",1475796724000,1475796783000,59000,"50.233.89.198",28472,854153670,1,-1062729170,160,3701,23,2781
"2016-10-06 23:32:04","2016-10-06 23:33:03",1475796724000,1475796783000,59000,"50.233.89.198",18577,854153670,1,-1062729170,165,3637,22,2757
"2016-10-06 23:32:04","2016-10-06 23:33:03",1475796724000,1475796783000,59000,"50.233.89.198",36634,854153670,1,-1062729170,165,3637,22,2757
"2016-10-06 23:32:04","2016-10-06 23:33:03",1475796724000,1475796783000,59000,"50.233.89.198",61266,854153670,1,-1062729170,160,3701,23,2781
"2016-10-06 23:32:04","2016-10-06 23:33:03",1475796724000,1475796783000,59000,"50.233.89.198",50068,854153670,1,-1062729170,160,3701,23,2781
"2016-10-06 23:32:04","2016-10-06 23:33:03",1475796724000,1475796783000,59000,"50.233.89.198",1301,854153670,1,-1062729170,165,3637,22,2757
"2016-10-06 23:32:04","2016-10-06 23:33:03",1475796724000,1475796783000,59000,"50.233.89.198",20380,854153670,1,-1062729170,162,3573,22,2693
"2016-10-06 23:32:04","2016-10-06 23:33:03",1475796724000,1475796783000,59000,"50.233.89.198",18917,854153670,1,-1062729170,165,3637,22,2757
"2016-10-06 23:32:04","2016-10-06 23:33:03",1475796724000,1475796783000,59000,"50.233.89.198",16038,854153670,1,-1062729170,165,3637,22,2757
"2016-10-06 23:32:04","2016-10-06 23:33:03",1475796724000,1475796783000,59000,"50.233.89.198",22492,854153670,1,-1062729170,158,3637,23,2717
"2016-10-06 23:32:04","2016-10-06 23:33:03",1475796724000,1475796783000,59000,"50.233.89.198",28649,854153670,1,-1062729170,162,3573,22,2693
"2016-10-06 23:33:04","2016-10-06 23:34:03",1475796784000,1475796843000,59000,"50.233.89.198",13917,854153670,1,-1062729170,160,3701,23,2781
"2016-10-06 23:33:04","2016-10-06 23:34:03",1475796784000,1475796843000,59000,"50.233.89.198",11930,854153670,1,-1062729170,160,3701,23,2781
"2016-10-06 23:33:04","2016-10-06 23:34:03",1475796784000,1475796843000,59000,"50.233.89.198",36930,854153670,1,-1062729170,160,3701,23,2781
"2016-10-06 23:33:04","2016-10-06 23:34:03",1475796784000,1475796843000,59000,"50.233.89.198",33103,854153670,1,-1062729170,165,3637,22,2757
"2016-10-06 23:33:04","2016-10-06 23:35:03",1475796784000,1475796903000,119000,"50.233.89.198",34411,854153670,1,-1062729170,165,3637,22,2757
"2016-10-06 23:33:04","2016-10-06 23:34:03",1475796784000,1475796843000,59000,"50.233.89.198",62583,854153670,1,-1062729170,165,3637,22,2757
"2016-10-06 23:33:04","2016-10-06 23:34:03",1475796784000,1475796843000,59000,"50.233.89.198",2778,854153670,1,-1062729170,165,3637,22,2757
"2016-10-06 23:33:04","2016-10-06 23:34:03",1475796784000,1475796843000,59000,"50.233.89.198",58068,854153670,1,-1062729170,166,3837,23,2917
"2016-10-06 23:33:04","2016-10-06 23:34:03",1475796784000,1475796843000,59000,"50.233.89.198",4185,854153670,1,-1062729170,165,3637,22,2757
"2016-10-06 23:33:04","2016-10-06 23:34:03",1475796784000,1475796843000,59000,"50.233.89.198",48719,854153670,1,-1062729170,160,3701,23,2781
"2016-10-06 23:33:04","2016-10-06 23:34:03",1475796784000,1475796843000,59000,"50.233.89.198",60998,854153670,1,-1062729170,165,3637,22,2757
"2016-10-06 23:33:04","2016-10-06 23:34:03",1475796784000,1475796843000,59000,"50.233.89.198",57095,854153670,1,-1062729170,165,3637,22,2757
"2016-10-06 23:33:04","2016-10-06 23:34:03",1475796784000,1475796843000,59000,"50.233.89.198",9257,854153670,1,-1062729170,160,3701,23,2781
"2016-10-06 23:33:04","2016-10-06 23:34:03",1475796784000,1475796843000,59000,"50.233.89.198",7245,854153670,1,-1062729170,165,3637,22,2757
"2016-10-06 23:33:04","2016-10-06 23:34:03",1475796784000,1475796843000,59000,"50.233.89.198",63166,854153670,1,-1062729170,165,3637,22,2757
"2016-10-06 23:33:04","2016-10-06 23:34:03",1475796784000,1475796843000,59000,"50.233.89.198",6483,854153670,1,-1062729170,165,3637,22,2757
"2016-10-06 23:33:04","2016-10-06 23:34:03",1475796784000,1475796843000,59000,"50.233.89.198",39709,854153670,1,-1062729170,165,3637,22,2757
"2016-10-06 23:33:04","2016-10-06 23:34:03",1475796784000,1475796843000,59000,"50.233.89.198",53899,854153670,1,-1062729170,160,3701,23,2781
"2016-10-06 23:33:04","2016-10-06 23:34:03",1475796784000,1475796843000,59000,"50.233.89.198",50858,854153670,1,-1062729170,165,3637,22,2757
"2016-10-06 23:33:04","2016-10-06 23:34:03",1475796784000,1475796843000,59000,"50.233.89.198",20607,854153670,1,-1062729170,165,3637,22,2757
"2016-10-06 23:34:03","2016-10-06 23:35:03",1475796843000,1475796903000,60000,"50.233.89.198",21482,854153670,1,-1062729170,160,3689,23,2769
"2016-10-06 23:34:03","2016-10-06 23:35:03",1475796843000,1475796903000,60000,"50.233.89.198",50538,854153670,1,-1062729170,162,3573,22,2693
"2016-10-06 23:34:03","2016-10-06 23:35:03",1475796843000,1475796903000,60000,"50.233.89.198",34971,854153670,1,-1062729170,160,3701,23,2781
"2016-10-06 23:34:03","2016-10-06 23:35:03",1475796843000,1475796903000,60000,"50.233.89.198",19908,854153670,1,-1062729170,158,3637,23,2717
"2016-10-06 23:34:03","2016-10-06 23:35:03",1475796843000,1475796903000,60000,"50.233.89.198",57635,854153670,1,-1062729170,165,3637,22,2757
"2016-10-06 23:34:03","2016-10-06 23:35:03",1475796843000,1475796903000,60000,"50.233.89.198",19826,854153670,1,-1062729170,165,3637,22,2757
"2016-10-06 23:34:03","2016-10-06 23:35:03",1475796843000,1475796903000,60000,"50.233.89.198",44881,854153670,1,-1062729170,165,3637,22,2757
"2016-10-06 23:34:03","2016-10-06 23:35:03",1475796843000,1475796903000,60000,"50.233.89.198",54403,854153670,1,-1062729170,160,3701,23,2781
"2016-10-06 23:34:03","2016-10-06 23:35:03",1475796843000,1475796903000,60000,"50.233.89.198",54057,854153670,1,-1062729170,165,3637,22,2757
"2016-10-06 23:34:03","2016-10-06 23:35:03",1475796843000,1475796903000,60000,"50.233.89.198",5594,854153670,1,-1062729170,160,3701,23,2781
"2016-10-06 23:34:03","2016-10-06 23:35:03",1475796843000,1475796903000,60000,"50.233.89.198",33215,854153670,1,-1062729170,165,3637,22,2757
"2016-10-06 23:34:03","2016-10-06 23:35:03",1475796843000,1475796903000,60000,"50.233.89.198",23991,854153670,1,-1062729170,165,3637,22,2757
"2016-10-06 23:34:03","2016-10-06 23:35:03",1475796843000,1475796903000,60000,"50.233.89.198",48978,854153670,1,-1062729170,243,2681,11,2241
"2016-10-06 23:34:03","2016-10-06 23:35:03",1475796843000,1475796903000,60000,"50.233.89.198",13506,854153670,1,-1062729170,160,3701,23,2781
"2016-10-06 23:34:03","2016-10-06 23:35:03",1475796843000,1475796903000,60000,"50.233.89.198",11484,854153670,1,-1062729170,165,3637,22,2757
"2016-10-06 23:34:03","2016-10-06 23:35:03",1475796843000,1475796903000,60000,"50.233.89.198",45741,854153670,1,-1062729170,160,3701,23,2781
"2016-10-06 23:34:03","2016-10-06 23:35:03",1475796843000,1475796903000,60000,"50.233.89.198",64399,854153670,1,-1062729170,160,3701,23,2781
"2016-10-06 23:34:03","2016-10-06 23:35:03",1475796843000,1475796903000,60000,"50.233.89.198",58627,854153670,1,-1062729170,162,3573,22,2693
"2016-10-06 23:34:03","2016-10-06 23:35:03",1475796843000,1475796903000,60000,"50.233.89.198",12496,854153670,1,-1062729170,160,3701,23,2781
"2016-10-06 23:35:03","2016-10-06 23:36:03",1475796903000,1475796963000,60000,"50.233.89.198",46963,854153670,1,-1062729170,160,3701,23,2781
"2016-10-06 23:35:03","2016-10-06 23:36:03",1475796903000,1475796963000,60000,"50.233.89.198",50647,854153670,1,-1062729170,165,3637,22,2757
"2016-10-06 23:35:03","2016-10-06 23:36:03",1475796903000,1475796963000,60000,"50.233.89.198",48978,854153670,1,-1062729170,86,956,11,516
"2016-10-06 23:35:03","2016-10-06 23:36:03",1475796903000,1475796963000,60000,"50.233.89.198",61139,854153670,1,-1062729170,156,3765,24,2805
"2016-10-06 23:35:03","2016-10-06 23:36:03",1475796903000,1475796963000,60000,"50.233.89.198",45099,854153670,1,-1062729170,100,6865,68,4145
"2016-10-06 23:35:03","2016-10-06 23:36:03",1475796903000,1475796963000,60000,"50.233.89.198",34405,854153670,1,-1062729170,165,3637,22,2757
"2016-10-06 23:35:03","2016-10-06 23:36:03",1475796903000,1475796963000,60000,"50.233.89.198",35946,854153670,1,-1062729170,165,3637,22,2757
